-- MySQL dump 10.13  Distrib 8.0.21, for Win64 (x86_64)
--
-- Host: localhost    Database: atcportalmaster
-- ------------------------------------------------------
-- Server version	8.0.21

/*!40101 SET @OLD_CHARACTER_SET_CLIENT=@@CHARACTER_SET_CLIENT */;
/*!40101 SET @OLD_CHARACTER_SET_RESULTS=@@CHARACTER_SET_RESULTS */;
/*!40101 SET @OLD_COLLATION_CONNECTION=@@COLLATION_CONNECTION */;
/*!50503 SET NAMES utf8mb4 */;
/*!40103 SET @OLD_TIME_ZONE=@@TIME_ZONE */;
/*!40103 SET TIME_ZONE='+00:00' */;
/*!40014 SET @OLD_UNIQUE_CHECKS=@@UNIQUE_CHECKS, UNIQUE_CHECKS=0 */;
/*!40014 SET @OLD_FOREIGN_KEY_CHECKS=@@FOREIGN_KEY_CHECKS, FOREIGN_KEY_CHECKS=0 */;
/*!40101 SET @OLD_SQL_MODE=@@SQL_MODE, SQL_MODE='NO_AUTO_VALUE_ON_ZERO' */;
/*!40111 SET @OLD_SQL_NOTES=@@SQL_NOTES, SQL_NOTES=0 */;

--
-- Table structure for table `booking`
--

DROP TABLE IF EXISTS `booking`;
/*!40101 SET @saved_cs_client     = @@character_set_client */;
/*!50503 SET character_set_client = utf8mb4 */;
CREATE TABLE `booking` (
  `booking_id` bigint NOT NULL AUTO_INCREMENT,
  `departure` varchar(255) COLLATE utf8_unicode_ci DEFAULT NULL,
  `destination` varchar(255) COLLATE utf8_unicode_ci DEFAULT NULL,
  `psngr_name` varchar(255) COLLATE utf8_unicode_ci DEFAULT NULL,
  `travel_date` datetime DEFAULT NULL,
  PRIMARY KEY (`booking_id`)
) ENGINE=InnoDB DEFAULT CHARSET=utf8 COLLATE=utf8_unicode_ci;
/*!40101 SET character_set_client = @saved_cs_client */;

--
-- Dumping data for table `booking`
--

LOCK TABLES `booking` WRITE;
/*!40000 ALTER TABLE `booking` DISABLE KEYS */;
/*!40000 ALTER TABLE `booking` ENABLE KEYS */;
UNLOCK TABLES;

--
-- Table structure for table `part_master`
--

DROP TABLE IF EXISTS `part_master`;
/*!40101 SET @saved_cs_client     = @@character_set_client */;
/*!50503 SET character_set_client = utf8mb4 */;
CREATE TABLE `part_master` (
  `PARTID` int NOT NULL AUTO_INCREMENT,
  `PARTREF` varchar(75) DEFAULT NULL,
  `PARTSHORTDESCRIPTION` varchar(150) DEFAULT NULL,
  `PARTLONGDESCRIPTION` varchar(300) DEFAULT NULL,
  `PARTPRICE` decimal(2,0) DEFAULT '0',
  `ADDEDDATA` timestamp NULL DEFAULT CURRENT_TIMESTAMP,
  `USERID` varchar(50) DEFAULT NULL,
  PRIMARY KEY (`PARTID`)
) ENGINE=InnoDB AUTO_INCREMENT=790 DEFAULT CHARSET=utf8mb4 COLLATE=utf8mb4_0900_ai_ci;
/*!40101 SET character_set_client = @saved_cs_client */;

--
-- Dumping data for table `part_master`
--

LOCK TABLES `part_master` WRITE;
/*!40000 ALTER TABLE `part_master` DISABLE KEYS */;
INSERT INTO `part_master` VALUES (1,'IQV-50000-EXTENDED',' IQV-50000-Extended Points','IQV-50000-Extended Trend Points\r\n',0,'2021-11-18 14:41:29','0070'),(2,'4DIX1','4 DIX Module','DI Expander Module. ',0,'2021-11-18 14:41:29','0070'),(3,'4DIX2','4DIX Point Only No.2','',0,'2021-11-18 14:41:29','0070'),(4,'4DIX3','4DIX Point Only No.3','',0,'2021-11-18 14:41:29','0070'),(5,'4DIX4','4DIX Point Only No.4','',0,'2021-11-18 14:41:29','0070'),(6,'PRO622 DIN','8 Channel Pulse Reader ','USB 8 Channel Pulse counter.',0,'2021-11-18 14:41:29','0070'),(7,'GEB136.1E','Actuator','Siemens Damper Actuator 24Vac 15Nm with Aux Sw',0,'2021-11-18 14:41:29','0070'),(8,'GEB163.1E','Actuator','Siemens 24Vac 0- 10V, 15 N/m damper actuator, 150s.\r\n',0,'2021-11-18 14:41:29','0070'),(9,'GLB161.1E','Actuator','AC/DC 24V, DC 0-10V, 10 Nm rotary damper actuator, 150s.\r\n',0,'2021-11-18 14:41:29','0070'),(10,'GM24A','Actuator','Belimo 24v 40NM Open Close Actuator.',0,'2021-11-18 14:41:29','0070'),(11,'GM24A-SR','Actuator','Belimo 40NM 0-10Vdc Damper Actuator',0,'2021-11-18 14:41:29','0070'),(12,'LF24','Actuator','Belimo 24v Spring Return 4nm Actuator. ',0,'2021-11-18 14:41:29','0070'),(13,'LF24-S','Actuator','Belimo 4nm Spring Return Damper Actuator complete with auxilliary switch.',0,'2021-11-18 14:41:29','0070'),(14,'LM24A-S','Actuator','Belimo 5NFNM Damper Actuator, 24v c/w aux. switch.',0,'2021-11-18 14:41:29','0070'),(15,'LM24A-SR','Actuator','Belimo 4NM Damper Actuator, 0-10v Modulating. ',0,'2021-11-18 14:41:29','0070'),(16,'M6061L1027','Actuator','240 Vac Actuator for V5431F 50 - 80mm ',0,'2021-11-18 14:41:29','0070'),(17,'M6410C2023','Actuator','Honeywell 24Vac Floating Control  Actuator With Manual Override 180N\r\n',0,'2021-11-18 14:41:29','0070'),(18,'M7410C1007','Actuator','Honeywell 24Vac Floating 180N\r\n',0,'2021-11-18 14:41:29','0070'),(19,'M7410E2026','Actuator','Honeywell 0/2-10Vdc Control Signal 24Vac 180N With Manual OR\r\n',0,'2021-11-18 14:41:29','0070'),(20,'M7410E2034','Actuator','Honeywell 0/2-10Vdc Control Signal 24Vac High Torque 280N With Manual OR\r\n',0,'2021-11-18 14:41:29','0070'),(21,'ML6420A3072','Actuator','Honeywell 24Vac 4Va 20mm Stroke 1 Min No Manual OR\r\n',0,'2021-11-18 14:41:29','0070'),(22,'ML6421B3004','Actuator','High Torque actuator, 38mm stroke, 24v control ',0,'2021-11-18 14:41:29','0070'),(23,'ML6425A3014','Actuator','Honeywell 240Vac 6.5Va Spring Ret Direct Acting 20mm',0,'2021-11-18 14:41:29','0070'),(24,'ML7420A6017','Actuator','Honeywell 24Vac 0-10 Vdc Positioner 7VA 20mm Stroke, 30 Sec ',0,'2021-11-18 14:41:29','0070'),(25,'ML7420A6025','Actuator','Honeywell Valve Actuator 0 - 10v Modulating Control. No Manual OR',0,'2021-11-18 14:41:29','0070'),(26,'ML7421A3004','Actuator','24 Vac 0-10 Vdc 24VA 20mm Stroke High Torque Actuator',0,'2021-11-18 14:41:29','0070'),(27,'ML7421B3003','Actuator','24 Vac 0-10 Vdc 24VA 38mm Stroke High Torque Actuator',0,'2021-11-18 14:41:29','0070'),(28,'ML7425A6008','Actuator','24Vac Spring Return Actuator',0,'2021-11-18 14:41:29','0070'),(29,'MS-NRS','Actuator','Rotary Actuator 24vac 0-10v to fit Satchwell MB Valves',0,'2021-11-18 14:41:29','0070'),(30,'MT8-024','Actuator','Thermic Valve Actuator 24v.',0,'2021-11-18 14:41:29','0070'),(31,'NF24A-S2','Actuator','Belimo 10nm Damper Actuator, 24v Spring Return c/w aux. switch.',0,'2021-11-18 14:41:29','0070'),(32,'NM24A-SR','Actuator','Belimo 10nm Damper Actuator, 0-10v Modulating',0,'2021-11-18 14:41:29','0070'),(33,'SAL61.00T10','Actuator','AC/DC 24V, DC 010V electro-motoric valve actuator non spring return - 10Nm rotary, 120 seconds\r\n',0,'2021-11-18 14:41:29','0070'),(34,'SAL8100T10','Actuator','Siemens Actuator 24v 0-10 complete with ASK31N Linkage kit. ',0,'2021-11-18 14:41:29','0070'),(35,'SAS81.00','Actuator','AC/DC 24V, 3-position electro-motoric valve actuator non spring return - 5.5mm stroke, 120 seconds, 400N\r\n',0,'2021-11-18 14:41:29','0070'),(36,'SF24A-S2','Actuator','20nm Damper Actuator, 24v spring return. ',0,'2021-11-18 14:41:29','0070'),(37,'SKB60','Actuator','Siemens 0 - 10V Actuator 20mm stroke.',0,'2021-11-18 14:41:29','0070'),(38,'SKB62.00','Actuator','Siemens 24Vac Actuator 0-10Vdc',0,'2021-11-18 14:41:29','0070'),(39,'SKC60','Actuator','Siemens 40mm Stroke Actuator. 0 -10v Control ',0,'2021-11-18 14:41:29','0070'),(40,'SKC62','Actuator','Siemens 24Vac SR Actuator 0-10 Vdc Control Signal',0,'2021-11-18 14:41:29','0070'),(41,'SKC82.61','Actuator','Siemens 40mm Stroke Actuator complete with Spring Return function',0,'2021-11-18 14:41:29','0070'),(42,'SKD60','Actuator','Siemens Actuator 0-10Vdc',0,'2021-11-18 14:41:29','0070'),(43,'SKD82.51.','Actuator','Siemens 24Vac 3 pos Actuator Spring Return',0,'2021-11-18 14:41:29','0070'),(44,'SM24A','Actuator','Belimo 24v 15nm Actuator',0,'2021-11-18 14:41:29','0070'),(45,'SM24A-S','Actuator','Belimo 15NM Damper Actuator, 24v c/w aux. switch.',0,'2021-11-18 14:41:29','0070'),(46,'SM24ASR','Actuator','Belimo 15NM Damper Actuator, 0-10v Control.',0,'2021-11-18 14:41:29','0070'),(47,'SSB81','Actuator','Siemens 24Vac 3 Point Actuator',0,'2021-11-18 14:41:29','0070'),(48,'STP73','Actuator','Siemens 24 Volt Valve Actuator',0,'2021-11-18 14:41:29','0070'),(49,'SV24A-SR-TPC','Actuator','Belimo Actuator 0-10Vdc',0,'2021-11-18 14:41:29','0070'),(50,'NM24A-S','Actuator ','Belimo 10nm Damper Actuator, 24v c/w aux. switch.',0,'2021-11-18 14:41:29','0070'),(51,'SAL81.03T10','Actuator ','AC 24V, 3-position valve actuator-10Nm rotary, 30 seconds\r\n',0,'2021-11-18 14:41:29','0070'),(52,'SSB61','Actuator ','Ventilated Chilled Beam Valve Actuator  0 -10v Control.',0,'2021-11-18 14:41:29','0070'),(53,'HM M-BUS','Add M-Bus to HM Meter','M-Bus Output for Heat Meter',0,'2021-11-18 14:41:29','0070'),(54,'CAD-POT','Adjustable','Control Panel mounted, temperature setpoint adjust. ',0,'2021-11-18 14:41:29','0070'),(55,'AI','AI Point','Analogue Input.',0,'2021-11-18 14:41:29','0070'),(56,'ACC-SRL-200','Alarm Beacon','Alarm Beacon',0,'2021-11-18 14:41:29','0070'),(57,'ELA24','Alarm Integrator','Alarm Integrator 9 x 24v voltage free inputs to common output.',0,'2021-11-18 14:41:29','0070'),(58,'IO-ALM10','Alarm Integrator  9 Input','Alarm Integrator, 9 alarm inputs to one common output. ',0,'2021-11-18 14:41:29','0070'),(59,'CAD-AP','Alarm Panel','Remote alarm indicator panel c/w buzzer and mute ',0,'2021-11-18 14:41:29','0070'),(60,'AO','AO Point','Analogue Output. ',0,'2021-11-18 14:41:29','0070'),(61,'BIN','Bindicator level control','Bindicator solids level control.',0,'2021-11-18 14:41:29','0070'),(62,'PDS2-H','Compensator','Heating Compensator',0,'2021-11-18 14:41:29','0070'),(63,'22HH-100X','Condensation Sensor','Belimo Condensation Sensor',0,'2021-11-18 14:41:29','0070'),(64,'WD-CPS-5M','Condensation Sensor','Sontay Condensation Prevention Sensor 5m Lead',0,'2021-11-18 14:41:29','0070'),(65,'AX-PI','Controller','2 Channel P&I Controller.',0,'2021-11-18 14:41:29','0070'),(66,'DRT-50-BAC-24','Controller','Sontay Bacnet Temp Controller',0,'2021-11-18 14:41:29','0070'),(67,'EDGE-10-E','Controller','Niagara Edge 10 field controller with 10 points of onboard IO, 1 RS-485 serial port, and 2 10/100 Ethernet ports. Supports 1 IO-R-34. Includes Niagara N4 and drivers for BACnet, Modbus and SNMP. Supports up to 3 devices and 50 total points.\r\n',0,'2021-11-18 14:41:29','0070'),(68,'FC-ERV10','Controller','Single Phase Fan Speed Controller 5amp.  0-10v control. ',0,'2021-11-18 14:41:29','0070'),(69,'IQ31ECO24','Controller','IQEco 31 Controller 24v Fixed Strategy.',0,'2021-11-18 14:41:29','0070'),(70,'IQ31ECO240','Controller','IQEco 31 Controller 240v Fixed Strategy.',0,'2021-11-18 14:41:29','0070'),(71,'IQ31ECO24FREE','Controller','IQEco 31 Controller 24v Programmable.',0,'2021-11-18 14:41:29','0070'),(72,'IQ32ECO24','Controller','IQECO 31 24Vac No Strategy',0,'2021-11-18 14:41:29','0070'),(73,'IQ32ECO240','Controller','IQ ECO 32 240Vac No Strategy',0,'2021-11-18 14:41:29','0070'),(74,'IQ35ECO24','Controller','IQEco 35 Controller 24v Fixed Strategy.',0,'2021-11-18 14:41:29','0070'),(75,'IQ35ECO240','Controller','IQEco 35 Controller 230v Fixed Strategy.',0,'2021-11-18 14:41:29','0070'),(76,'IQ35ECO24FREE','Controller','IQEco 35 Controller 24v Programmable.',0,'2021-11-18 14:41:29','0070'),(77,'IQ38ECO24FREE','Controller','IQEco 38 Controller 24v Programmable.',0,'2021-11-18 14:41:29','0070'),(78,'IQ39VAVECO','Controller','IQECO VAV Controller',0,'2021-11-18 14:41:29','0070'),(79,'IQ4/INT/UP','Controller','Upgrade to add IQ interfacing NB: CANNOT BE USED WITH XNC VARIANTS\r\n',0,'2021-11-18 14:41:29','0070'),(80,'IQ4/IO/16DI','Controller','IQ4 16 DI Expansion Module',0,'2021-11-18 14:41:29','0070'),(81,'IQ4/IO/4DO','Controller','IQ4 4 DO Expansion Module',0,'2021-11-18 14:41:29','0070'),(82,'IQ4/IO/4UIO','Controller','IQ4 4 Universal Input/Output Expansion Module.',0,'2021-11-18 14:41:29','0070'),(83,'IQ4/IO/8AO','Controller','IQ4 8 AO Expansion Module',0,'2021-11-18 14:41:29','0070'),(84,'IQ4/IO/8DI','Controller','IQ4 8 DI Expansion Module',0,'2021-11-18 14:41:29','0070'),(85,'IQ4/IO/8DO','Controller','IQ4 8 DO Expansion Module',0,'2021-11-18 14:41:29','0070'),(86,'IQ4/IO/8UI','Controller','IQ4 8 Universal Input Expansion Module.',0,'2021-11-18 14:41:29','0070'),(87,'IQ4/IO/8UIO','Controller','IQ4 8 Universal Input/Output Expansion Module.',0,'2021-11-18 14:41:29','0070'),(88,'IQ411','Controller','IQ411 Outstation ',0,'2021-11-18 14:41:29','0070'),(89,'IQ411/INT/230','Controller','IQ411/Integration Controller',0,'2021-11-18 14:41:29','0070'),(90,'IQ411_BACNET','Controller','BacNet Comms. for IQ411 Outstation ',0,'2021-11-18 14:41:29','0070'),(91,'IQ411_TREND','Controller','Trend LAN Comms. for IQ411 Outstation ',0,'2021-11-18 14:41:29','0070'),(92,'IQ412 ','Controller','IQ412 Outstation BacNet Comms.',0,'2021-11-18 14:41:29','0070'),(93,'IQ412/INT/230','Controller','IQ412/Integration Controller',0,'2021-11-18 14:41:29','0070'),(94,'IQ412_TREND','Controller','Trend LAN Comms. for IQ412 Outstation ',0,'2021-11-18 14:41:29','0070'),(95,'IQ422','Controller','IQ422 Outstation ',0,'2021-11-18 14:41:29','0070'),(96,'IQ422/12/INT/230','Controller','IQ422/Integration Controller',0,'2021-11-18 14:41:29','0070'),(97,'IQ422_BACNET','Controller','BacNet Comms. for IQ412 Outstation ',0,'2021-11-18 14:41:29','0070'),(98,'IQ422_TREND','Controller','Trend LAN Comms. for IQ422 Outstation ',0,'2021-11-18 14:41:29','0070'),(99,'IQ422_TREND_BACNET','Controller','BACnet and Trend LAN Comms. for IQ422 Outstation ',0,'2021-11-18 14:41:29','0070'),(100,'IQ4E XNC UPGRADE','Controller','IQ4E Upgrade to XNC',0,'2021-11-18 14:41:29','0070'),(101,'IQ4E/128/BAC/230','Controller','Trend IQ4 16 Point Outstation, expandable to 128 points.',0,'2021-11-18 14:41:29','0070'),(102,'IQ4E/128/INT/BAC/230','Controller','IQ4E/128/Integration Controller',0,'2021-11-18 14:41:29','0070'),(103,'IQ4E/16/BAC/230','Controller','Trend IQ4 16 Point Outstation.',0,'2021-11-18 14:41:29','0070'),(104,'IQ4E/16/INT/BAC/230','Controller','IQ4E/16/Integration Controller\r\n',0,'2021-11-18 14:41:29','0070'),(105,'IQ4E/160/BAC/230','Controller','Trend IQ4 16 Point Outstation, expandable to 160 points.',0,'2021-11-18 14:41:29','0070'),(106,'IQ4E/160/INT/BAC/230','Controller','IQ4E/160/Integration Controller\r\n',0,'2021-11-18 14:41:29','0070'),(107,'IQ4E/16-32/UP','Controller','Upgrade IQ4 Outstation from 16 point to 32 point.',0,'2021-11-18 14:41:29','0070'),(108,'IQ4E/192/BAC/230','Controller','Trend IQ4 16 Point Outstation, expandable to 192 points.',0,'2021-11-18 14:41:29','0070'),(109,'IQ4E/192/INT/BAC/230','Controller','IQ4E/192/Integration Controller\r\n',0,'2021-11-18 14:41:29','0070'),(110,'IQ4E/32/BAC/230','Controller','Trend IQ4 16 Point Outstation, expandable to 32 points.',0,'2021-11-18 14:41:29','0070'),(111,'IQ4E/32/INT/BAC/230','Controller','IQ4E/32/Integration Controller\r\n',0,'2021-11-18 14:41:29','0070'),(112,'IQ4E/64/BAC/230','Controller','Trend IQ4 16 Point Outstation, expandable to 64 points.',0,'2021-11-18 14:41:29','0070'),(113,'IQ4E/64/INT/BAC/230','Controller','IQ4E/64/Integration Controller\r\n',0,'2021-11-18 14:41:29','0070'),(114,'IQ4E/96/BAC/230','Controller','Trend IQ4 16 Point Outstation, expandable to 96 points.',0,'2021-11-18 14:41:29','0070'),(115,'IQ4E/96/INT/BAC/230','Controller','IQ4E/96/Integration Controller\r\n',0,'2021-11-18 14:41:29','0070'),(116,'IQ4E/96/XNC/BAC','Controller','IQ4E XNC ',0,'2021-11-18 14:41:29','0070'),(117,'IQ4E/UP','Controller','Upgrade IQ4 Outstation to the next size of Outstation.',0,'2021-11-18 14:41:29','0070'),(118,'IQ4E/XNC/UP','Controller','IQ4E/XNC/UPGRADE',0,'2021-11-18 14:41:29','0070'),(119,'IQ4NC 00 ','Controller','IQ4 BacNet MSTP Network Controller ',0,'2021-11-18 14:41:29','0070'),(120,'IQ4NC12/230','Controller','IQ4NC, 12 I/O Channels',0,'2021-11-18 14:41:29','0070'),(121,'IQX-100-EXT ADD 100 ','Controller','IQX-100-EXT ADD 100 PTS\nExtend base IQX12/100 Plant Controller license with additional 100 open points\r\n',0,'2021-11-18 14:41:29','0070'),(122,'IQX12/100/24VAC\nIQX','Controller','IQX12/100/24VAC\nIQX 12 point plant controller with 100 open points and  1 year software update agreement\r\n',0,'2021-11-18 14:41:29','0070'),(123,'IQX12/50/24VAC\nIQX','Controller','IQX12/50/24VAC\nIQX 12 point unitary controller with 50 open points\r\n',0,'2021-11-18 14:41:29','0070'),(124,'IQX-50-EXT ADD 50 PT','Controller','IQX-50-EXT ADD 50 PTS\nExtend base IQX12/100 Plant Controller license with additional 50 open points\r\n',0,'2021-11-18 14:41:29','0070'),(125,'IQXIO20/5UIO/9UI/6DO','Controller','IQXIO20/5UIO/9UI/6DO\nIQX 20 point IO Module with 5UIO, 9UI and 6DO\r\n',0,'2021-11-18 14:41:29','0070'),(126,'IQXIO7/2UIO/3UI/2DO','Controller','IQXIO7/2UIO/3UI/2DO\nIQX 7 point IO Module with 2UIO, 3UI and 2DO\r\n',0,'2021-11-18 14:41:29','0070'),(127,'ISMA-B-FCU-HL','Controller','Free programable fan-coil unit controller with Modbus RTU/ASCII or BACnet MSTP communication. Power supply 230V AC.\r\n',0,'2021-11-18 14:41:29','0070'),(128,'ISMA-B-MAC36NL-100','Controller','Niagara 4 controller with built-in 16UI, 4DI, 8DO, 8AO, 1xRS485, 2xETH, 2xUSB, 1xHDMI, 1xSD card slot (SD card is included). Power supply 24 V AC/DC. Includes 100 Niagara proxy points, no device limit, 18 Months Initial Maintenance included.\r\n',0,'2021-11-18 14:41:29','0070'),(129,'ISMA-B-MAC36NL-250','Controller','Niagara 4 controller with built-in 16UI, 4DI, 8DO, 8AO, 1xRS485, 2xETH, 2xUSB, 1xHDMI, 1xSD card slot (SD card is included). Power supply 24 V AC/DC. Includes 250 Niagara proxy points, no device limit, 18 Months Initial Maintenance included.\r\n',0,'2021-11-18 14:41:29','0070'),(130,'ISMA-B-MAC36NL-RS-10','Controller','Niagara 4 controller with built-in 16UI, 4DI, 8DO, 8AO, 2xRS485, 2xETH, 2xUSB, 1xHDMI, 1xSD card slot (SD card is included). Power supply 24 V AC/DC. Includes 100 Niagara proxy points, no device limit, 18 Months Initial Maintenance included.\r\n',0,'2021-11-18 14:41:29','0070'),(131,'ISMA-B-MAC36NL-RS-25','Controller','Niagara 4 controller with built-in 16UI, 4DI, 8DO, 8AO, 2xRS485, 2xETH, 2xUSB, 1xHDMI, 1xSD card slot (SD card is included). Power supply 24 V AC/DC. Includes 250 Niagara proxy points, no device limit, 18 Months Initial Maintenance included.\r\n',0,'2021-11-18 14:41:29','0070'),(132,'ISMA-B-MAC36NL-RS-50','Controller','Niagara 4 controller with built-in 16UI, 4DI, 8DO, 8AO, 2xRS485, 2xETH, 2xUSB, 1xHDMI, 1xSD card slot (SD card is included). Power supply 24 V AC/DC. Includes 500 Niagara proxy points, no device limit, 18 Months Initial Maintenance included.\r\n',0,'2021-11-18 14:41:29','0070'),(133,'ISMA-B-MIX38-IP','Controller','I/O module with Modbus TCP/IP (with built in Modbus Gateway to RS485) or BACnet IP communication- 5DI, 5UI, 4AO, 4DO\r\n',0,'2021-11-18 14:41:29','0070'),(134,'JACE-8005','Controller','JACE-8005 N4 Controller 250 Proxy Points with maintenance',0,'2021-11-18 14:41:29','0070'),(135,'JACE-8010','Controller','JACE-8010 N4 Controller 500 Proxy Points with maintenance',0,'2021-11-18 14:41:29','0070'),(136,'JACE-8025','Controller','JACE-8025 N4 Controller 1250 Proxy Points with maintenance',0,'2021-11-18 14:41:29','0070'),(137,'JACE-8100P','Controller','JACE-8100P N4 Controller 100 Proxy Points with Maintenance',0,'2021-11-18 14:41:29','0070'),(138,'PDS2-V','Controller','Ventilation Controller 3 Stage',0,'2021-11-18 14:41:29','0070'),(139,'PRO462','Controller','4 x 4-20ma Input module.',0,'2021-11-18 14:41:29','0070'),(140,'PRO463','Controller','4 x 4-20ma Output module',0,'2021-11-18 14:41:29','0070'),(141,'PRO464','Controller','4 x AO Module.',0,'2021-11-18 14:41:29','0070'),(142,'PRO465','Controller','4 x AI Module',0,'2021-11-18 14:41:29','0070'),(143,'PRO466','Controller','2AI + 2AO Module',0,'2021-11-18 14:41:29','0070'),(144,'PRO467','Controller','6 x Status Inputs (240v)',0,'2021-11-18 14:41:29','0070'),(145,'PRO650 TDB','Controller','Intuitive Controller c/w 40 on-board I/O, expandable with additional modules.  ',0,'2021-11-18 14:41:29','0070'),(146,'PXC100-E.D','Controller','Siemens Modular Controller 200 Dat points Base Unit, Ethernet',0,'2021-11-18 14:41:29','0070'),(147,'PXC12-E.D','Controller','Siemens 12 I/O Point Controller + Ethernet',0,'2021-11-18 14:41:29','0070'),(148,'PXC22-E.D','Controller','Siemens 22 I/O Point Controller + Ethernet',0,'2021-11-18 14:41:29','0070'),(149,'PXC36-E.D','Controller','Siemens 36 I/O Point Controller + Ethernet',0,'2021-11-18 14:41:29','0070'),(150,'RD-WMB-T','Controller','IQEco Room Display Unit ( Monochrome ) Temperature ',0,'2021-11-18 14:41:29','0070'),(151,'RD-WMB-TC ','Controller','IQEco Room Display Unit ( Monochrome ) Temperature & Co2',0,'2021-11-18 14:41:29','0070'),(152,'RD-WMB-TH','Controller','IQEco Room Display Unit ( Monochrome ) Temperature & Humidity.',0,'2021-11-18 14:41:29','0070'),(153,'RD-WMB-THC','Controller','IQEco Room Display Unit ( Monochrome ) Co2, Temperature & Humidity.',0,'2021-11-18 14:41:29','0070'),(154,'TAE-DCT','Controller','Heater Battery Controller',0,'2021-11-18 14:41:29','0070'),(155,'TITANFCU','Controller','Titan Bacnet MSTP Fan Coil Controller',0,'2021-11-18 14:41:29','0070'),(156,'TITANVAV','Controller','Titan Bacnet MSTP VAV Controller',0,'2021-11-18 14:41:29','0070'),(157,'TXM1.16D','Controller','16 Point Digital Input Module',0,'2021-11-18 14:41:29','0070'),(158,'TXM1.6R','Controller','6 Output Relay Module',0,'2021-11-18 14:41:29','0070'),(159,'TXM1.8D','Controller','8 Digital Input Module ',0,'2021-11-18 14:41:29','0070'),(160,'TXM1.8U','Controller','8 Universal I/O Moduule',0,'2021-11-18 14:41:29','0070'),(161,'TXM1.8X','Controller','8 Super Universal I/O Module',0,'2021-11-18 14:41:29','0070'),(162,'UC32.12','Controller','Cylon 16 Point Outstation',0,'2021-11-18 14:41:29','0070'),(163,'UC32.16','Controller','Cylon 16 Point Outstation',0,'2021-11-18 14:41:29','0070'),(164,'UC32.16DI','Controller','Cylon 16 Point DI Multiplexer',0,'2021-11-18 14:41:29','0070'),(165,'UC32.24','Controller','Cylon 24 Point Outstation',0,'2021-11-18 14:41:29','0070'),(166,'UC32.NETK','Controller','Cylon Comms. Module',0,'2021-11-18 14:41:29','0070'),(167,'CSW-NO-ASD2','Current Switch','Current Switch for Motor Status.',0,'2021-11-18 14:41:29','0070'),(168,'250A/5ACT','Current Transformer','250 Amp Current Transformer',0,'2021-11-18 14:41:29','0070'),(169,'PR0471-BAC','Data Manager Bacnet Enabler','Data Manager Bacnet Enabler',0,'2021-11-18 14:41:29','0070'),(170,'VFC','DI Point','Voltage Free Digital Input.',0,'2021-11-18 14:41:29','0070'),(171,'DI','Digital Input','Digital Input',0,'2021-11-18 14:41:29','0070'),(172,'IQV4 ADAPTOR','Display','IQView4 adaptor plate for use to replace an FPK Keypad',0,'2021-11-18 14:41:29','0070'),(173,'IQVIEW4','Display','IQView 4 Single Controller Local Display Panel ',0,'2021-11-18 14:41:29','0070'),(174,'IQVIEW8','Display','IQView 8 Controller Display Panel ',0,'2021-11-18 14:41:29','0070'),(175,'IQVIEW8/WALL','Display','Wall mounting enclosure for IQVIEW8 Display.  ',0,'2021-11-18 14:41:29','0070'),(176,'ISMA-B-LP','Display','Wall panel with 2,6\" LCD display',0,'2021-11-18 14:41:29','0070'),(177,'\r\nISMA-B-LP-H-1,Display,Wall panel with 2','6\"\" LCD display',' touch buttons for changing parameters',0,'2021-11-18 14:41:29','0070'),(178,'NEOSS VIEW7','Display','NeOSS 7\" Colour Touchscreen Display.\"',0,'2021-11-18 14:41:29','0070'),(179,'PRO510 TDB','Display','dmTouch 10.1\" HD Colour Touchscreen c/w on Board I/O.\"',0,'2021-11-18 14:41:29','0070'),(180,'PRO615','Display','Intuitive Display, 4\" Colour Touchscreen\"',0,'2021-11-18 14:41:29','0070'),(181,'RV-WMB-TH','Display','Full Colour Touchscreen with Temperature and Humidity Display. ',0,'2021-11-18 14:41:29','0070'),(182,'PRO020 MOD-DIN','dmTouch Modbus Adapter','dmTouch Modbus adapter, 1 network with up to 32 devices. ',0,'2021-11-18 14:41:29','0070'),(183,'DO','DO Point','Digital Output.',0,'2021-11-18 14:41:29','0070'),(184,'EP-SW-11','Emergency Stop','Emergency Stop Push Button.',0,'2021-11-18 14:41:29','0070'),(185,'PXG3.M','Ethernet Bacnet MSTP Router ','PX Ethernet Bacnet MSTP Router ',0,'2021-11-18 14:41:29','0070'),(186,'EP-FS2','Fireman\'s Switch','Key Operated flush mounting switch, Normal - Off - Extract. Complete with 2 Keys, Backbox and Keyguard.  ',0,'2021-11-18 14:41:29','0070'),(187,'FS-541','Flow Switch','Sontay Liquid Flow Switch 1\" BSPT',0,'2021-11-18 14:41:29','0070'),(188,'PW20','Integration','M-Bus Master to 20 M-Bus Devices RS232',0,'2021-11-18 14:41:29','0070'),(189,'PW3','Integration','M-Bus Master to 3 M-Bus Devices RS232',0,'2021-11-18 14:41:29','0070'),(190,'PW60','Integration','M-Bus Master to 60 M-Bus Devices RS232 & RS485',0,'2021-11-18 14:41:29','0070'),(191,'PXA30-RS','Integration','PX Integration Card for up to 100 datapoints.',0,'2021-11-18 14:41:29','0070'),(192,'PXA30-W1','Integration','PX web card for modular PXC00-U, PXC64-U and PXC128-U controllers with Ethernet Connection (no graphics)',0,'2021-11-18 14:41:29','0070'),(193,'PXC-001.D','Integration','PX Open Integration Controller on LON\r\n',0,'2021-11-18 14:41:29','0070'),(194,'SIP/DBACS/192','Integration','SIP Daikin Interface 192No.',0,'2021-11-18 14:41:29','0070'),(195,'SIP/DBACS/64','Integration','SIP Daikin Interface 64No.',0,'2021-11-18 14:41:29','0070'),(196,'SIP/MITSI/XNC/00','Integration','Trend IQ4E Mitsi Interface. ',0,'2021-11-18 14:41:29','0070'),(197,'SIP/MODM/D/32VIQ','Integration','Synapsys Modbus Interface',0,'2021-11-18 14:41:29','0070'),(198,'SYN/MBUS/CONV/60','Integration','SYNAPSYS SIP Slice MBus Convertor (60 Meters)',0,'2021-11-18 14:41:29','0070'),(199,'PRO655-BAC','Intuitive Bacnet Enabler','Intuitive Bacnet Enabler',0,'2021-11-18 14:41:29','0070'),(200,'PRO662','Intuitive Expansion Module -48','Intuitive Expansion Module - 48 Channel',0,'2021-11-18 14:41:29','0070'),(201,'PRO661','Intuitive I/O Expansion Module','Intuitive I/O Expansion Module ',0,'2021-11-18 14:41:29','0070'),(202,'FC102P11KT4','Inverter','11 Kw Inverter IP54',0,'2021-11-18 14:41:29','0070'),(203,'FC102P15KT4','Inverter','15 Kw Inverter IP54',0,'2021-11-18 14:41:29','0070'),(204,'FC102P18KT4','Inverter','18.5 Kw Inverter IP54',0,'2021-11-18 14:41:29','0070'),(205,'FC102P1K1T4','Inverter','1.1Kw Inverter. IP54',0,'2021-11-18 14:41:29','0070'),(206,'FC102P1K5T4','Inverter','1.5 Kw Inverter IP54',0,'2021-11-18 14:41:29','0070'),(207,'FC102P22KT4','Inverter','22 Kw Inverter IP54',0,'2021-11-18 14:41:29','0070'),(208,'FC102P2K2T4','Inverter','2.2 Kw Inverter IP54',0,'2021-11-18 14:41:29','0070'),(209,'FC102P30KT4','Inverter','30 Kw Inverter IP54',0,'2021-11-18 14:41:29','0070'),(210,'FC102P37KT4','Inverter','37 Kw Inverter IP54',0,'2021-11-18 14:41:29','0070'),(211,'FC102P3K0T4','Inverter','3 Kw Inverter IP54',0,'2021-11-18 14:41:29','0070'),(212,'FC102P45KT4','Inverter','45 Kw Inverter IP54',0,'2021-11-18 14:41:29','0070'),(213,'FC102P4K0T4','Inverter','4 Kw Inverter IP54',0,'2021-11-18 14:41:29','0070'),(214,'FC102P4K50T4','Inverter','5.5Kw Inverter IP54',0,'2021-11-18 14:41:29','0070'),(215,'FC102P55KT4','Inverter','55 Kw Inverter IP54 ',0,'2021-11-18 14:41:29','0070'),(216,'FC102P7K5T4','Inverter','7.5 Kw Inverter IP54',0,'2021-11-18 14:41:29','0070'),(217,'BN___BASIC_DO__LABOR','Labor','',0,'2021-11-18 14:41:29','0070'),(218,'BN___BASIC_PI__LABOR','Labor','',0,'2021-11-18 14:41:29','0070'),(219,'BN___BASICAI010LABOR','Labor','',0,'2021-11-18 14:41:29','0070'),(220,'BN___BASICAO010LABOR','Labor','',0,'2021-11-18 14:41:29','0070'),(221,'BN___BASICAO420LABOR','Labor','',0,'2021-11-18 14:41:29','0070'),(222,'BN___BASICDIVFCLABOR','Labor','',0,'2021-11-18 14:41:29','0070'),(223,'TRENDBASICAO010LABOR','Labour Allnc For Ao 0-10v Pnt','',0,'2021-11-18 14:41:29','0070'),(224,'TRENDBASICAI010LABOR','Labour Allnce For AI 0-10v Pnt','',0,'2021-11-18 14:41:29','0070'),(225,'TRENDBASICAI420LABOR','Labour Allnce For AI 0-10v Pnt','',0,'2021-11-18 14:41:29','0070'),(226,'TRENDBASICDIVFCLABOR','Labour Allnce For DI VFC Point','',0,'2021-11-18 14:41:29','0070'),(227,'TRENDBASIC_DO__LABOR','Labour Allowance For Do Point','',0,'2021-11-18 14:41:29','0070'),(228,'TRENDBASIC_PI__LABOR','Labour Allowance For PI Point','',0,'2021-11-18 14:41:29','0070'),(229,'WD-AMX-1','Leak Detection','Sontay Water Leak Detection Unit with Buzzer',0,'2021-11-18 14:41:29','0070'),(230,'WD-AMX-2','Leak Detection','230Vac Leak Detection Controller with buzzer',0,'2021-11-18 14:41:29','0070'),(231,'WD-CS-10M','Leak Detection','10 Metre Leak Detection Cable',0,'2021-11-18 14:41:29','0070'),(232,'WD-CS-2M','Leak Detection','Water Leak Detection Cable 2 Metres',0,'2021-11-18 14:41:29','0070'),(233,'LS-CAP1-1.0','Level Indication','Capacitance Level Sensor 1 metre long. 4-20ma Output of Level.',0,'2021-11-18 14:41:29','0070'),(234,'LS-CAP1-2.0','Level Indication','Capacitance Level Sensor 2 metre long. 4-20ma Output of Level.',0,'2021-11-18 14:41:29','0070'),(235,'LS-CAP1-3.0','Level Indication','Capacitance Level Sensor 3 metre long. 4-20ma Output of Level.',0,'2021-11-18 14:41:29','0070'),(236,'LS-FL-1L','Level Indication','Low Level Tank Float Switch.',0,'2021-11-18 14:41:29','0070'),(237,'LS-FL-2LH','Level Indication','Combined High & Low Level Float Switch. ',0,'2021-11-18 14:41:29','0070'),(238,'LS-UT','Level Indication','Ultrasonic Level Transmitter, output 4 - 20ma. complete with fixing bracket',0,'2021-11-18 14:41:29','0070'),(239,'VEGAVIB31','Level Switch for Solids','Level Switch for Solids',0,'2021-11-18 14:41:29','0070'),(240,'LLS','Light Sensor','Internal Light Level Sensor. ',0,'2021-11-18 14:41:29','0070'),(241,'LLO','Light Sensor ','Outside Light Level Sensor.',0,'2021-11-18 14:41:29','0070'),(242,'TPW','M-Bus RS232 Converter 20 meter','M-Bus RS232 Converter for up to 20 Meters.',0,'2021-11-18 14:41:29','0070'),(243,'403T4','Meter','15mm Ultrasonic Cooling Energy Meter, MID & EN1434 Approved.Pulsed Output. ',0,'2021-11-18 14:41:29','0070'),(244,'403TA','Meter','20mm Ultrasonic Cooling Energy Meter, MID & EN1434 Approved.Pulsed Output. ',0,'2021-11-18 14:41:29','0070'),(245,'403TD','Meter','25mm Ultrasonic Cooling Energy Meter, MID & EN1434 Approved.Pulsed Output. ',0,'2021-11-18 14:41:29','0070'),(246,'403TF','Meter','25mm Ultrasonic Cooling Energy Meter, MID & EN1434 Approved.Pulsed Output. ',0,'2021-11-18 14:41:29','0070'),(247,'403TH','Meter','40mm Ultrasonic Cooling Energy Meter, MID & EN1434 Approved.Pulsed Output. ',0,'2021-11-18 14:41:29','0070'),(248,'403TK','Meter','50mm Ultrasonic Cooling Energy Meter, MID & EN1434 Approved.Pulsed Output. ',0,'2021-11-18 14:41:29','0070'),(249,'403W4','Meter','15mm Ultrasonic Heat Meter, MID & EN1434 Approved.Pulsed Output.',0,'2021-11-18 14:41:29','0070'),(250,'403WA','Meter','20mm Ultrasonic Heat Meter, MID & EN1434 Approved.Pulsed Output.',0,'2021-11-18 14:41:29','0070'),(251,'403WD','Meter','25mm Ultrasonic Heat Meter, MID & EN1434 Approved.Pulsed Output. 3.5 m3/hr.',0,'2021-11-18 14:41:29','0070'),(252,'403WF','Meter','25mm Ultrasonic Heat Meter, MID & EN1434 Approved.Pulsed Output. 6m3/hr.',0,'2021-11-18 14:41:29','0070'),(253,'403WJ','Meter','40mm Ultrasonic Heat Meter, MID & EN1434 Approved.Pulsed Output. ',0,'2021-11-18 14:41:29','0070'),(254,'403WK','Meter','50mm Ultrasonic Heat Meter, MID & EN1434 Approved.Pulsed Output.',0,'2021-11-18 14:41:29','0070'),(255,'65-1-CLCG','Meter','65mm Ultrasonic Cooling Energy Meter, MID & EN1434 Approved.Pulsed Output. PN25',0,'2021-11-18 14:41:29','0070'),(256,'65-1-CMCH','Meter','80mm Ultrasonic Cooling Energy Meter, MID & EN1434 Approved.Pulsed Output. PN25',0,'2021-11-18 14:41:29','0070'),(257,'65-1-FACL','Meter','100mm Ultrasonic Cooling Energy Meter, MID & EN1434 Approved.Pulsed Output. PN25',0,'2021-11-18 14:41:29','0070'),(258,'65-1-FBCM','Meter','125mm Ultrasonic Cooling Energy Meter, MID & EN1434 Approved.Pulsed Output. PN25',0,'2021-11-18 14:41:29','0070'),(259,'65-5-CLCG','Meter','65mm Ultrasonic Heat/Cool Meter, MID & EN1434 Approved.Pulsed Output. PN25',0,'2021-11-18 14:41:29','0070'),(260,'65-5-CMCH','Meter','80mm Ultrasonic Heat/Cool Meter, MID & EN1434 Approved.Pulsed Output. PN25',0,'2021-11-18 14:41:29','0070'),(261,'65-5-FACL','Meter','100mm Ultrasonic Heat/Cool Meter, MID & EN1434 Approved.Pulsed Output. PN25',0,'2021-11-18 14:41:29','0070'),(262,'65-5-FBCM','Meter','125mm Ultrasonic Heat/Cool Meter, MID & EN1434 Approved.Pulsed Output. PN25',0,'2021-11-18 14:41:29','0070'),(263,'65-5-FCCN','Meter','150mm Ultrasonic Heat/Cool Meter, MID & EN1434 Approved.Pulsed Output. PN25',0,'2021-11-18 14:41:29','0070'),(264,'65-5-FECP','Meter','200mm Ultrasonic Heat/Cool Meter, MID & EN1434 Approved. Modbus.Pulsed Output. PN25',0,'2021-11-18 14:41:29','0070'),(265,'65-5-FECR','Meter','250mm Ultrasonic Heat/Cool Meter, MID & EN1434 Approved.Pulsed Output. PN25',0,'2021-11-18 14:41:29','0070'),(266,'CM/UKMC15P','Meter','15mm Mechanical Chilled Meter with pulsed Output.  ',0,'2021-11-18 14:41:29','0070'),(267,'CM/UKMC32P','Meter','32mm Mechanical Chilled Meter with pulsed Output. ',0,'2021-11-18 14:41:29','0070'),(268,'CM/UKMC50P','Meter','50mm Mechanical Chilled Meter with pulsed Output. ',0,'2021-11-18 14:41:29','0070'),(269,'CM/UKMCF100P','Meter','100mm Mechanical Chilled Meter with pulsed Output. PN16',0,'2021-11-18 14:41:29','0070'),(270,'CM/UKMCF125P','Meter','125mm Mechanical Chilled Meter with pulsed Output. PN16',0,'2021-11-18 14:41:29','0070'),(271,'CM/UKMCF150P','Meter','150mm Mechanical Chilled Meter with pulsed Output. PN16',0,'2021-11-18 14:41:29','0070'),(272,'CM/UKMCF200P','Meter','200mm Mechanical Chilled Meter with pulsed Output. PN16',0,'2021-11-18 14:41:29','0070'),(273,'CM/UKMCF250P','Meter','250mm Mechanical Chilled Meter with pulsed Output. PN16',0,'2021-11-18 14:41:29','0070'),(274,'CM/UKMCF65P','Meter','65mm Mechanical Chilled Meter with pulsed Output. PN16',0,'2021-11-18 14:41:29','0070'),(275,'CM/UKMCF80P','Meter','80mm Mechanical Chilled Meter with pulsed Output. PN16',0,'2021-11-18 14:41:29','0070'),(276,'EEM230-D-M-MID','Meter','Single Phase M-BUs Meter MID ',0,'2021-11-18 14:41:29','0070'),(277,'F100WC','Meter','100mm Cold Water Meter, WRAS + MID Approved. PN16 ',0,'2021-11-18 14:41:29','0070'),(278,'F125WC','Meter','125mm Cold Water Meter, WRAS + MID Approved. PN16 ',0,'2021-11-18 14:41:29','0070'),(279,'F150WC','Meter','150mm Cold Water Meter, WRAS + MID Approved. PN16 ',0,'2021-11-18 14:41:29','0070'),(280,'F200WC','Meter','200mm Cold Water Meter, WRAS + MID Approved. PN16 ',0,'2021-11-18 14:41:29','0070'),(281,'F250WC','Meter','250mm Cold Water Meter, WRAS + MID Approved. PN16 ',0,'2021-11-18 14:41:29','0070'),(282,'F50WC','Meter','50mm Cold Water Meter, WRAS + MID Approved. PN16 ',0,'2021-11-18 14:41:29','0070'),(283,'F65WC','Meter','65mm Cold Water Meter, WRAS + MID Approved. PN16 ',0,'2021-11-18 14:41:29','0070'),(284,'F65WH','Meter','65mm Hot Water Meter, WRAS + MID Approved. PN16 ',0,'2021-11-18 14:41:29','0070'),(285,'F80WC','Meter','80mm Cold Water Meter, WRAS + MID Approved. PN16 ',0,'2021-11-18 14:41:29','0070'),(286,'FC15P8','Meter','15mm Oil Meter with pulsed output. ',0,'2021-11-18 14:41:29','0070'),(287,'FC4P8','Meter','4mm Oil Meter c/w pulsed output',0,'2021-11-18 14:41:29','0070'),(288,'FC8P8','Meter','8mm Oil Meter',0,'2021-11-18 14:41:29','0070'),(289,'HELIX 100','Meter','Kent Helix Water Meter 100mm Pulsed output 10 litre/pulse. ',0,'2021-11-18 14:41:29','0070'),(290,'HELIX 65MM','Meter','Kent Helix Water Meter 65mm Pulsed output 10 litre/pulse. ',0,'2021-11-18 14:41:29','0070'),(291,'IGTM DN100 G160','Meter','100mm Turbine Gas Meter with pulsed output, PN16 25 - 400m3.',0,'2021-11-18 14:41:29','0070'),(292,'IGTM DN150 G400','Meter','150mm Turbine Gas Meter with pulsed output, PN16 32 - 1000m3.',0,'2021-11-18 14:41:29','0070'),(293,'IGTM DN50 G40','Meter','50mm Turbine Gas Meter with pulsed output, PN16 10 - 100m3.',0,'2021-11-18 14:41:29','0070'),(294,'IGTM DN65 G65','Meter','65mm Turbine Gas Meter with pulsed output, PN16 10 - 160m3.',0,'2021-11-18 14:41:29','0070'),(295,'IGTM DN80 G100','Meter','80mm Turbine Gas Meter with pulsed output, PN16 8 - 250m3.',0,'2021-11-18 14:41:29','0070'),(296,'QA10','Meter','1\" Turbine Gas Meter with pulsed output',0,'2021-11-18 14:41:29','0070'),(297,'QA16','Meter','1\" Turbine Gas Meter with pulsed output',0,'2021-11-18 14:41:29','0070'),(298,'QA25','Meter','1\" Turbine Gas Meter with pulsed output',0,'2021-11-18 14:41:29','0070'),(299,'QA40','Meter','40mm Turbine Gas Meter with pulsed output, 5 - 65m3.',0,'2021-11-18 14:41:29','0070'),(300,'S15MJH','Meter','15mm Hot Water Meter Pulse Output',0,'2021-11-18 14:41:29','0070'),(301,'S20MJH','Meter','20mm Hot Water Meter Pulse Output',0,'2021-11-18 14:41:29','0070'),(302,'S25MJH','Meter','25mm Hot Water Meter Pulse Output',0,'2021-11-18 14:41:29','0070'),(303,'S30MJH','Meter','30mm Hot Water Meter',0,'2021-11-18 14:41:29','0070'),(304,'S40MJH','Meter','32mm Hot Water Meter Pulse Meter',0,'2021-11-18 14:41:29','0070'),(305,'S50MJC','Meter','50mm Cold Water Meter',0,'2021-11-18 14:41:29','0070'),(306,'S50MJH','Meter','50mm Hot Water Meter Pulse Output',0,'2021-11-18 14:41:29','0070'),(307,'SIPE/MODM/P/1VIQ','Meter','Synapsys Modbus Meter Interface',0,'2021-11-18 14:41:29','0070'),(308,'CM/UKC40P','Meter ','40mm Mechanical Chilled Meter with pulsed Output. ',0,'2021-11-18 14:41:29','0070'),(309,'CM/UKMC20P','Meter ','20mm Mechanical Chilled Meter with pulsed Output.  ',0,'2021-11-18 14:41:29','0070'),(310,'CM/UKMC25P','Meter ','25mm Mechanical Chilled Meter with pulsed Output. ',0,'2021-11-18 14:41:29','0070'),(311,'HM/UKMF65P','Meter ','65mm Mechanical Heat Meter with pulsed output. PN16',0,'2021-11-18 14:41:29','0070'),(312,'HM/UKMF80P','Meter ','80mm Mechanical Heat Meter with pulsed output. PN16',0,'2021-11-18 14:41:29','0070'),(313,'S20MJC','Meter ','20mm Cold Water Meter, WRAS + MID Approved. ',0,'2021-11-18 14:41:29','0070'),(314,'S32MJC','Meter ','32mm Cold Water Meter, WRAS + MID Approved. ',0,'2021-11-18 14:41:29','0070'),(315,'S40MJC','Meter ','40mm Cold Water Meter, WRAS + MID Approved. ',0,'2021-11-18 14:41:29','0070'),(316,'S15MJC','Meter  ','15mm Cold Water Meter, WRAS + MID Approved. ',0,'2021-11-18 14:41:29','0070'),(317,'S25MJC','Meter  ','25mm Cold Water Meter, WRAS + MID Approved. ',0,'2021-11-18 14:41:29','0070'),(318,'HC-003-20','Meter M-Bus Module','Energy Meter M-Bus Module',0,'2021-11-18 14:41:29','0070'),(319,'SIP/MODM/D/24VIQ','Modbus','Interface between Modbus devices (24) and Trend IQ4 Controllers',0,'2021-11-18 14:41:29','0070'),(320,'SIP/MODM/D/4VIQ','Modbus','Interface between Modbus devices (4) and Trend IQ4 Controllers',0,'2021-11-18 14:41:29','0070'),(321,'SIP/MODM/D/8VIQ','Modbus','Interface between Modbus devices (8) and Trend IQ4 Controllers',0,'2021-11-18 14:41:29','0070'),(322,'AIM6','Multiplexer','Analogue Input Multi-plexer. ',0,'2021-11-18 14:41:29','0070'),(323,'NEOSS 15A','NeOSS','NeOSS 15A Remote I/O Module 7DI 8DO',0,'2021-11-18 14:41:29','0070'),(324,'NEOSS 15B','NeOSS','NeOSS 15B Remote I/O Module 7UI 8AO',0,'2021-11-18 14:41:29','0070'),(325,'NEOSS 15C','NeOSS','NeOSS 15C Remote I/O Module 8UI 4AO 3DO',0,'2021-11-18 14:41:29','0070'),(326,'NEOSS 15D','NeOSS','NeOSS 15C Remote I/O Module 3DO 6Triac',0,'2021-11-18 14:41:29','0070'),(327,'NEOSS V3 16A 1P','NeOSS','NEOSS BMS Controller c/w 8UI 4AO 2DI 2DO',0,'2021-11-18 14:41:29','0070'),(328,'NEOSS V3 16A MP','NeOSS','NEOSS BMS System Interface c/w 8UI 4AO 2DI 2DO',0,'2021-11-18 14:41:29','0070'),(329,'NEOSS V3 16C 1P','NeOSS','NEOSS BMS Controller Fixed c/w 8UI 8DI',0,'2021-11-18 14:41:29','0070'),(330,'NEOSS V3 16C MP','NeOSS','NEOSS BMS System Interface c/w 8UI 8DI',0,'2021-11-18 14:41:29','0070'),(331,'WSK5','NeOSS OSS 5 Web User Key ','Neoss Open System 5 Concurrent users, Web Server Key  ',0,'2021-11-18 14:41:29','0070'),(332,'PXM20-E','Network HMI','Networkable Operating Unit, Ethernet, c/w interface cable.',0,'2021-11-18 14:41:29','0070'),(333,'OC-C-LV','Occupancy Sensor','Sontay Ceiling Mount Occupancy Detector\r\n',0,'2021-11-18 14:41:29','0070'),(334,'OC-W-LV','Occupancy Sensor','Wall Mounting Occupncy Sensor',0,'2021-11-18 14:41:29','0070'),(335,'PC','PC With Printer ','PC with Printer',0,'2021-11-18 14:41:29','0070'),(336,'PI','PI Point','Pulsed Input.',0,'2021-11-18 14:41:29','0070'),(337,'WB150','Pocket','6mm Brass Pockest for TB/TI And T/PI Sensors.',0,'2021-11-18 14:41:29','0070'),(338,'WD-PS','Point Water Leak Detector','Sontay Point Water Leak Detector',0,'2021-11-18 14:41:29','0070'),(339,'22ADP-184','Pressure Sensor','Belimo Air Differential Pressure Sensor 0-2500Pa',0,'2021-11-18 14:41:29','0070'),(340,'22ADP-186','Pressure Sensor','Belimo Air Differential Pressure Sensor 0-7000Pa',0,'2021-11-18 14:41:29','0070'),(341,'22ADP-18Q','Pressure Sensor','Belimo Air Differential Pressure Sensor 0-100Pa',0,'2021-11-18 14:41:29','0070'),(342,'22WDP-134','Pressure Sensor','Belimo Water Diff Pressure Sensor',0,'2021-11-18 14:41:29','0070'),(343,'22WP-134','Pressure Sensor','Belimo Water Static Pressure Sensor',0,'2021-11-18 14:41:29','0070'),(344,'PA-267-1000','Pressure Sensor','Sontay Air DP Sensor 0-300 Pa 4-20mA 1% Acc.',0,'2021-11-18 14:41:29','0070'),(345,'PA-267-300','Pressure Sensor','Sontay Air DP Sensor 0-300 Pa 4-20mA 1% Acc.',0,'2021-11-18 14:41:29','0070'),(346,'PA-267-50','Pressure Sensor','Sontay Air DP Sensor 0-50Pa 1% Acc. 4-20mA',0,'2021-11-18 14:41:29','0070'),(347,'PL-528-4','Pressure Sensor','Sontay 4 bar Static Pressure Sensor ',0,'2021-11-18 14:41:29','0070'),(348,'PL-692-10','Pressure Sensor','Sontay 10 Bar Water Differential Pressure Sensor.',0,'2021-11-18 14:41:29','0070'),(349,'PL-692-4','Pressure Sensor','Sontay 4 Bar Water Differential Pressure Sensor.',0,'2021-11-18 14:41:29','0070'),(350,'PL-528-10','Pressure Sensor ','Sontay 10 bar Static Pressure Sensor ',0,'2021-11-18 14:41:29','0070'),(351,'01APS-10R','Pressure Switch','Belimo Diff Air Pressure Switch 20..300Pa\r\n',0,'2021-11-18 14:41:29','0070'),(352,'EP100','Pressure Switch','Water Differential Pressure Switch IP65.',0,'2021-11-18 14:41:29','0070'),(353,'PA-DPS-88','Pressure Switch','Air Differential Pressure Switch, complete with duct mounting kit.',0,'2021-11-18 14:41:29','0070'),(354,'PA-DPS-90W','Pressure Switch','IP65 Differential Pressure Switch, complete with duct mounting kit.',0,'2021-11-18 14:41:29','0070'),(355,'PL-FD113','Pressure Switch','Sontay Water Differential Pressure Switch.',0,'2021-11-18 14:41:29','0070'),(356,'PL-PSA-1','Pressure Switch','Sontay 0-3 Bar Static Pressure Switch including 6mm copper pipe + fittings',0,'2021-11-18 14:41:29','0070'),(357,'T/PI','PT100 Immersion Sensor','Trend PT100 Immersion Sensor',0,'2021-11-18 14:41:29','0070'),(358,'PULSESPLIT','Pulse Splitter','Pulse Splitter',0,'2021-11-18 14:41:29','0070'),(359,'PXG3.L','PX Ethernet Bacnet IP /Lon','PX Ethernet Bacnet IP Router for 2 wire (LonWorks) based controllers and BACnet ms/tp\r\n',0,'2021-11-18 14:41:29','0070'),(360,'PR0460','RDM 12 Input Module','Input Module for 12 Analogue or Digital Inputs',0,'2021-11-18 14:41:29','0070'),(361,'IO-RMA','Relay','Converts 0-10v Output to Relay + 0-10v Output  ',0,'2021-11-18 14:41:29','0070'),(362,'RELAY','Relay','Relay Input',0,'2021-11-18 14:41:29','0070'),(363,'2RM','Relay Module','Two Relay Module',0,'2021-11-18 14:41:29','0070'),(364,'PRO461','Relay Module','3 x Relay outputs module.',0,'2021-11-18 14:41:29','0070'),(365,'SRM','Relay Module','Single Relay Module',0,'2021-11-18 14:41:29','0070'),(366,'3RM','Relay Module ','3 Relay Module',0,'2021-11-18 14:41:29','0070'),(367,'01CT-1LH','Sensor','Belimo Flying Lead Temperature Sensor',0,'2021-11-18 14:41:29','0070'),(368,'01DT-1LL','Sensor','Belimo Immersion Temperature Sensor c/w brass pocket',0,'2021-11-18 14:41:29','0070'),(369,'01DT-1LR','Sensor','Belimo Duct Temperature Sensor (Long)',0,'2021-11-18 14:41:29','0070'),(370,'01HT-1L','Sensor','Belimo Clamp On Temperature Sensor',0,'2021-11-18 14:41:29','0070'),(371,'01RT-1L-0','Sensor','Belimo Space Temp Sensor',0,'2021-11-18 14:41:29','0070'),(372,'01UT-1L','Sensor','Belimo Outside Air Temp Sensor',0,'2021-11-18 14:41:29','0070'),(373,'22DTC-13','Sensor','Belimo Duct Co2 & Temperature Sensor',0,'2021-11-18 14:41:29','0070'),(374,'22DTH-13M','Sensor','Belimo Duct Temp & Humidity Sensor',0,'2021-11-18 14:41:29','0070'),(375,'22DTM-11','Sensor','Belimo Duct Co2/Hum/Temp Sensor',0,'2021-11-18 14:41:29','0070'),(376,'22RTH-19-1','Sensor','Belimo Space Temp Humidity Sensor',0,'2021-11-18 14:41:29','0070'),(377,'22UTH-13','Sensor','Belimo Outside Dual Temp Humidity Sensor',0,'2021-11-18 14:41:29','0070'),(378,'A-22D-A03','Sensor','Flying Lead Sensor Bracket',0,'2021-11-18 14:41:29','0070'),(379,'AQ/D','Sensor','Duct Air Quality Sensor.',0,'2021-11-18 14:41:29','0070'),(380,'AQ/S','Sensor','Room Air Quality Sensor.',0,'2021-11-18 14:41:29','0070'),(381,'AQF3100','Sensor','Radiation Shield for QFA31 Temperature & Humidity Sensor ',0,'2021-11-18 14:41:29','0070'),(382,'AV/D/10','Sensor','Duct Velocity Sensor.',0,'2021-11-18 14:41:29','0070'),(383,'AV-622','Sensor','Sontay Air Velocity Sensor (with 200mm Extruded probe AV-EP-200)',0,'2021-11-18 14:41:29','0070'),(384,'CO100','Sensor','Duct Mounting Carbon Monoxide Sensor.',0,'2021-11-18 14:41:29','0070'),(385,'CO2/TD','Sensor','Trend Combined CO2 and Duct Temperature Sensor.',0,'2021-11-18 14:41:29','0070'),(386,'CO2/TS','Sensor','Trend Combined CO2 and Space Temperature Sensor.',0,'2021-11-18 14:41:29','0070'),(387,'DTI10','Sensor','Trend Liquid DP Sensor 0-10 bar. ',0,'2021-11-18 14:41:29','0070'),(388,'GS-CO2-D','Sensor','Sontay Duct Co2 & Temp Sensor',0,'2021-11-18 14:41:29','0070'),(389,'GS-CO2-S','Sensor','Sontay Space CO2 & Temp Sensor',0,'2021-11-18 14:41:29','0070'),(390,'GS-CO2-S-LED','Sensor','Sontay Space Co2 & Temp Sensor & Three Colour LED Indicator',0,'2021-11-18 14:41:29','0070'),(391,'GS-CO2-S-MS','Sensor','Sontay Space Co2 & Temp Sensor & Momentary Switch',0,'2021-11-18 14:41:29','0070'),(392,'GS-CO-D','Sensor','Sontay Duct Carbon Monoxide Sensor\r\n',0,'2021-11-18 14:41:29','0070'),(393,'GS-CO-S','Sensor','Sontay Space Carbon Monoxide Sensor\r\n',0,'2021-11-18 14:41:29','0070'),(394,'HMD60Y','Sensor','Vaisala Duct Temp/Humidity Sensor High Accuracy 4-20mA loop Output',0,'2021-11-18 14:41:29','0070'),(395,'HMW92','Sensor','Vaisala Space Temp/Hum Sensor High Accuracy 4-20mA Loop Output',0,'2021-11-18 14:41:29','0070'),(396,'MS24A-R08-MPX','Sensor','Belimo Space Co2/Hum/Temp Snsor',0,'2021-11-18 14:41:29','0070'),(397,'PTI10','Sensor','Trend Liquid Static Pressure Sensor 0 to 10 bar 2 Wire',0,'2021-11-18 14:41:29','0070'),(398,'QAA24','Sensor','Room Mounted Temperature Sensor.',0,'2021-11-18 14:41:29','0070'),(399,'QAA24PENDANT','Sensor','Ceiling Mounted Pendant Temperature Sensor  ',0,'2021-11-18 14:41:29','0070'),(400,'QAC22','Sensor','Outside Temperature Detector, to be mounted on a North facing wall.',0,'2021-11-18 14:41:29','0070'),(401,'QAE2120','Sensor','Siemens Immersion Temperature Sensor. ( NI1000 )',0,'2021-11-18 14:41:29','0070'),(402,'QAM2120.040','Sensor','Siemens Duct Temperature Sensor, 400mm',0,'2021-11-18 14:41:29','0070'),(403,'QAX32.21','Sensor','Adjustable Room Temperature Sensor.',0,'2021-11-18 14:41:29','0070'),(404,'QFM2171','Sensor','Siemens Duct Humidity/Temperature Sensor.',0,'2021-11-18 14:41:29','0070'),(405,'QFM3171','Sensor','High Accuracy Room Temperature and Humidity Sensor.',0,'2021-11-18 14:41:29','0070'),(406,'QPA2060','Sensor','Siemens Space Co2 / Temperature Sensor',0,'2021-11-18 14:41:29','0070'),(407,'QPM2100','Sensor','Duct Mounted Co2 Sensor.',0,'2021-11-18 14:41:29','0070'),(408,'RH-D-AH','Sensor','Sontay Duc Mount RH and T 2% Acc\r\n',0,'2021-11-18 14:41:29','0070'),(409,'RH-S-AH','Sensor','Sontay Space Mount RH and T 2% Acc\r\n',0,'2021-11-18 14:41:29','0070'),(410,'SRC-200-CO2-BAC','Sensor','Sontay Bacnet Co2 & Temp Controller',0,'2021-11-18 14:41:29','0070'),(411,'T/AL/SEN/SS','Sensor','Anti-Ligature Space Temperature Sensor, Stainless Steel.',0,'2021-11-18 14:41:29','0070'),(412,'T/AL/SEN/WH','Sensor','Anti-Ligature Space Temperature Sensor, White.',0,'2021-11-18 14:41:29','0070'),(413,'T/FGL','Sensor','Flue Gas Temp-Long(Range 0 to 400 \'C)',0,'2021-11-18 14:41:29','0070'),(414,'T/PC/-40','Sensor','Freezer Sensor Range -40 - +50c.',0,'2021-11-18 14:41:29','0070'),(415,'T/PO','Sensor','Outside Air Temp Sensor (P100)',0,'2021-11-18 14:41:29','0070'),(416,'T/PS','Sensor','Trend Space Temperature Sensor PT100',0,'2021-11-18 14:41:29','0070'),(417,'T/TFR-4/10/L','Sensor','Flying Lead Temperature Sensor. Box of Ten including adapter',0,'2021-11-18 14:41:29','0070'),(418,'TB/S/K','Sensor','Trend Room Temperature Sensor, Adjustable. ',0,'2021-11-18 14:41:29','0070'),(419,'TB/TC','Sensor','Trend Clamp-on Sensor',0,'2021-11-18 14:41:29','0070'),(420,'TB/TD-S','Sensor','Trend Duct Mounting Temperature Sensor.  ',0,'2021-11-18 14:41:29','0070'),(421,'TB/TI','Sensor','Trend Immersion Temperature Sensor c/w pocket.',0,'2021-11-18 14:41:29','0070'),(422,'TB/TO','Sensor','Outside Temperature Sensor. ( Mounted on a North facing wall. )',0,'2021-11-18 14:41:29','0070'),(423,'TB/TS','Sensor','Trend Room Temperature Sensor  ',0,'2021-11-18 14:41:29','0070'),(424,'TEAT1000','Sensor','PTC 1000 Mixed Flow Temperature Sensor c/w pocket.',0,'2021-11-18 14:41:29','0070'),(425,'TEU1000','Sensor','Outside Temperature Sensor PTC1000',0,'2021-11-18 14:41:29','0070'),(426,'TPDH','Sensor','Duct Humidity Sensor',0,'2021-11-18 14:41:29','0070'),(427,'TPDHT','Sensor','Duct Temp & Humidity Sensor',0,'2021-11-18 14:41:29','0070'),(428,'TPRHT','Sensor','Room Temp & Humidity Sensor',0,'2021-11-18 14:41:29','0070'),(429,'TPTRSBB','Sensor','Black Bulb Room Sensor',0,'2021-11-18 14:41:29','0070'),(430,'TPVAQDS','Sensor','Duct Air Quality Sensor',0,'2021-11-18 14:41:29','0070'),(431,'TPVAQRS','Sensor','Room Air Quality Sensor',0,'2021-11-18 14:41:29','0070'),(432,'TT-1H-CVO','Sensor','Sontay Flue Gas Sensor 150mm 4-20mA',0,'2021-11-18 14:41:29','0070'),(433,'TT-512-SS-A','Sensor','Sontay Button Sensor SS ',0,'2021-11-18 14:41:29','0070'),(434,'TT-518-A','Sensor','Sontay Thimble Air Temp Sensor 10K3A1\r\n',0,'2021-11-18 14:41:29','0070'),(435,'TT-555-A','Sensor','Sontay Flying Lead Temp Sensor',0,'2021-11-18 14:41:29','0070'),(436,'TT-BB-A','Sensor','Sontay Black Bulb Temp Sensor',0,'2021-11-18 14:41:29','0070'),(437,'TT-C-A','Sensor','Sontay Clamp-On Temp Sensor',0,'2021-11-18 14:41:29','0070'),(438,'TT-D-A','Sensor','Sontay Duct Air Temp Sensor 10K3A1 L=150mm',0,'2021-11-18 14:41:29','0070'),(439,'TT-DA-A','Sensor','Sontay Duct Averaging Temp Sensor 10K3A1\r\n',0,'2021-11-18 14:41:29','0070'),(440,'TT-GD','Sensor','Space Temperature Sensor Guard.',0,'2021-11-18 14:41:29','0070'),(441,'TT-O-A','Sensor','Sontay Outside Air Temp Sensor 10K3A1\r\n',0,'2021-11-18 14:41:29','0070'),(442,'TT-S-A','Sensor','Sontay Space Temp Sensor',0,'2021-11-18 14:41:29','0070'),(443,'HT/D','Sensor ','Dual Duct Humidity and Temperature Sensor ',0,'2021-11-18 14:41:29','0070'),(444,'HT/D/2%','Sensor ','Dual Duct Humidity and Temperature Sensor 2% Accuracy',0,'2021-11-18 14:41:29','0070'),(445,'HT/O','Sensor ','Trend Outdoor Temperature and Humidity Sensor',0,'2021-11-18 14:41:29','0070'),(446,'HT/S','Sensor ','Room Temperature and Humidity Sensor. ',0,'2021-11-18 14:41:29','0070'),(447,'HT/S/2CC','Sensor ','Room Temperature and Humidity Sensor. Certified 2% Accuracy.',0,'2021-11-18 14:41:29','0070'),(448,'TEHR1000','Sensor ','PTC1000 Room Temperature Sensor.',0,'2021-11-18 14:41:29','0070'),(449,'TT-I-A','Sensor ','Sontay Immersion Temp Sensor 10K3A1 L=150mm with SS pocket',0,'2021-11-18 14:41:29','0070'),(450,'PXM10','Single Controller HMI','Single Controller Interface Unit',0,'2021-11-18 14:41:29','0070'),(451,'SD-D','Smoke Detector','Sontay Duct Smoke Detector Probe L=300mm\r\n',0,'2021-11-18 14:41:29','0070'),(452,'IQV-100-EXTENDED','Software','100 Trend Extended Points',0,'2021-11-18 14:41:29','0070'),(453,'IQV-150000-EXTENDED','Software','IQV-150000-Extended Trend Points\r\n',0,'2021-11-18 14:41:29','0070'),(454,'IQV-15000-EXTENDED','Software','IQV-15000-Extended Trend Points\r\n',0,'2021-11-18 14:41:29','0070'),(455,'IQV-25000-EXTENDED','Software','IQV-25000-Extended Trend Points\r\n',0,'2021-11-18 14:41:29','0070'),(456,'IQV-2500-EXTENDED','Software','IQV-2500-Extended Trend Points',0,'2021-11-18 14:41:29','0070'),(457,'IQV-5000-EXTENDED','Software','IQV-5000-Extended Trend Points\r\n',0,'2021-11-18 14:41:29','0070'),(458,'IQV-500-EXTENDED','Software','IQV-500-Extended Trend Points ',0,'2021-11-18 14:41:29','0070'),(459,'IQVISION 10000 OPEN ','Software','IQVISION 10000 Open Points',0,'2021-11-18 14:41:29','0070'),(460,'IQVISION 15000 POINT','Software','IQVISION Trend 15000 Point',0,'2021-11-18 14:41:29','0070'),(461,'IQVISION 2500','Software','IQVISION Trend 2500 Point',0,'2021-11-18 14:41:29','0070'),(462,'IQVISION 2500 OPEN ','Software','IQVISION 2500 Open Points',0,'2021-11-18 14:41:29','0070'),(463,'IQVISION 300','Software','IQVision 300 Trend Points',0,'2021-11-18 14:41:29','0070'),(464,'IQVISION 500','Software','IQVISION Trend 500 Points',0,'2021-11-18 14:41:29','0070'),(465,'IQVISION 500 OPEN','Software','IQVISION 500 Open Points',0,'2021-11-18 14:41:29','0070'),(466,'IQVISION 5000 OPEN ','Software','IQVISION 5000 Open Points',0,'2021-11-18 14:41:29','0070'),(467,'IQVISION 5000 POINT','Software','IQVISION Trend 5000 Point',0,'2021-11-18 14:41:29','0070'),(468,'IQVISION 50000 POINT','Software','IQVISION Trend 50000 Point',0,'2021-11-18 14:41:29','0070'),(469,'IQV-MNT3','Software','IQVision Additional 3 Year Maintenance ',0,'2021-11-18 14:41:29','0070'),(470,'IQX-SMA-0-249-3YR\n3','Software','IQX-SMA-0-249-3YR\n3 year software update agreement for a 0-249 point\r\n',0,'2021-11-18 14:41:29','0070'),(471,'IQX-SMA-250-499-3YR\n','Software','IQX-SMA-250-499-3YR\n3 year software update agreement for a 250-499 point IQX12/100 - TA201449\r\n',0,'2021-11-18 14:41:29','0070'),(472,'OSS-NG','Software','NeOSS Open System Supervisor Software',0,'2021-11-18 14:41:29','0070'),(473,'EXT-R215-B3-PW','Solenoid','15mm Potable Water Solenoid WRAS Approved',0,'2021-11-18 14:41:29','0070'),(474,'EXT-R220-B3-PW','Solenoid','20mm Potable Water Solenoid WRAS Approved',0,'2021-11-18 14:41:29','0070'),(475,'EXT-R225-B3-PW','Solenoid','25mm Potable Water Solenoid WRAS Approved',0,'2021-11-18 14:41:29','0070'),(476,'EXT-R232-B4-PW','Solenoid','32mm Potable Water Solenoid WRAS Approved',0,'2021-11-18 14:41:29','0070'),(477,'EXT-R240-B4-PW','Solenoid','40mm Potable Water Solenoid WRAS Approved',0,'2021-11-18 14:41:29','0070'),(478,'EXT-R250-B5-PW','Solenoid','50mm Potable Water Solenoid WRAS Approved',0,'2021-11-18 14:41:29','0070'),(479,'GVA100F','Solenoid','100mm Gas Solenoid 230Vac',0,'2021-11-18 14:41:29','0070'),(480,'GVA150F','Solenoid','150mm Gas Solenoid 230Vac',0,'2021-11-18 14:41:29','0070'),(481,'GVA25','Solenoid','25mm Gas Solenoid 230Vac',0,'2021-11-18 14:41:29','0070'),(482,'GVA250','Solenoid','250mm Gas Solenoid 230Vac',0,'2021-11-18 14:41:29','0070'),(483,'GVA50','Solenoid','50mm Gas Solenoid 230Vac',0,'2021-11-18 14:41:29','0070'),(484,'GVA80F','Solenoid','80mm Gas Solenoid 230Vac',0,'2021-11-18 14:41:29','0070'),(485,'BC6683','Solenoid Valve','Blacks Gas Solenoid 40mm, threaded.',0,'2021-11-18 14:41:29','0070'),(486,'BC6684','Solenoid Valve','Blacks Gas Solenoid 50mm, threaded.',0,'2021-11-18 14:41:29','0070'),(487,'BC6685','Solenoid Valve','Blacks Gas Solenoid 65mm, flanged',0,'2021-11-18 14:41:29','0070'),(488,'BC6686','Solenoid Valve','Blacks Gas Solenoid 80mm, flanged',0,'2021-11-18 14:41:29','0070'),(489,'BC6687','Solenoid Valve','Blacks Gas Solenoid 100mm, flanged.',0,'2021-11-18 14:41:29','0070'),(490,'BC6689','Solenoid Valve','Blacks Gas Solenoid 150mm, flanged.',0,'2021-11-18 14:41:29','0070'),(491,'VE4032A','Solenoid Valve','32mm Gas Solenoid with closed indication switch.',0,'2021-11-18 14:41:29','0070'),(492,'VE4040A','Solenoid Valve','40mm Gas Solenoid with closed indication switch.',0,'2021-11-18 14:41:29','0070'),(493,'VE4065A','Solenoid Valve','65mm Gas Solenoid with closed indication switch.',0,'2021-11-18 14:41:29','0070'),(494,'VE4080A','Solenoid Valve','80mm Gas Solenoid with closed indication switch',0,'2021-11-18 14:41:29','0070'),(495,'WSV7115','Solenoid Valve','15mm Water Solenoid 230v, WRAS Approved.',0,'2021-11-18 14:41:29','0070'),(496,'WSV7120','Solenoid Valve','20mm Water Solenoid 230v, WRAS Approved.',0,'2021-11-18 14:41:29','0070'),(497,'WSV7125','Solenoid valve','25mm Water Solenoid 230v, WRAS Approved.',0,'2021-11-18 14:41:29','0070'),(498,'WSV7130','Solenoid Valve','32mm Water Solenoid 230v, WRAS Approved.',0,'2021-11-18 14:41:29','0070'),(499,'WSV7140','Solenoid valve','40mm Water Solenoid 230v, WRAS Approved.',0,'2021-11-18 14:41:29','0070'),(500,'WSV7150','Solenoid valve','50mm Water Solenoid 230v, WRAS Approved.',0,'2021-11-18 14:41:29','0070'),(501,'ZEV100MADAS','Solenoid Valve','100mm Gas Solenoid Valve',0,'2021-11-18 14:41:29','0070'),(502,'ZEV15MADAS','Solenoid Valve','15mm Gas Solenoid Valve',0,'2021-11-18 14:41:29','0070'),(503,'ZEV20MADAS','Solenoid Valve','20mm Gas Solenoid Valve',0,'2021-11-18 14:41:29','0070'),(504,'ZEV25MADAS','Solenoid Valve','25mm Gas Solenoid Valve',0,'2021-11-18 14:41:29','0070'),(505,'ZEV32MADAS','Solenoid Valve','32mm Gas Solenoid Valve',0,'2021-11-18 14:41:29','0070'),(506,'ZEV40MADAS','Solenoid Valve','40mm Gas Solenoid Valve',0,'2021-11-18 14:41:29','0070'),(507,'ZEV50MADAS','Solenoid Valve','50mm Gas Solenoid Valve',0,'2021-11-18 14:41:29','0070'),(508,'ZEV65MADAS','Solenoid Valve','65mm Gas Solenoid Valve',0,'2021-11-18 14:41:29','0070'),(509,'ZEV80MADAS','Solenoid Valve','80mm Gas Solenoid Valve',0,'2021-11-18 14:41:29','0070'),(510,'VE4100A','Solenoid Valve ','100mm Gas Solenoid with closed indication switch.',0,'2021-11-18 14:41:29','0070'),(511,'VE4050A','Soloenoid Valve','50mm Gas Solenoid with closed indication switch.',0,'2021-11-18 14:41:29','0070'),(512,'WS150','SS Pockest For TB/TI','6mm Stainless Steel Pockest & Compression Fitting For TB/TI And T/PI Sensors.',0,'2021-11-18 14:41:29','0070'),(513,'SUP-0-SMA-INIT','SUP-0-SMA-INIT','Supervisor 0 Maintenance1 Year Initial (18 months).\r\n',0,'2021-11-18 14:41:29','0070'),(514,'SUP-10-SMA-INIT','SUP-10-SMA-INIT','Supervisor 10 Maintenance 1 Year Initial.\r\n',0,'2021-11-18 14:41:29','0070'),(515,'SUP-DEVICE-25','SUP-DEVICE-25','Upgrade Supervisor add Driver Capacity 1250 points.\r\n',0,'2021-11-18 14:41:29','0070'),(516,'SUPE-1','SUPE-1','Small Building Supervisor with connectivity for 1 JACE only with 3 year Maintenance.\r\n',0,'2021-11-18 14:41:29','0070'),(517,'SUPE-10','SUPE-10','Small Building Supervisor with connectivity for 10 JACE only with 3 year Maintenance.\r\n',0,'2021-11-18 14:41:29','0070'),(518,'SUPE-ALM','SUPE-ALM','Alarm Console for N4\r\n',0,'2021-11-18 14:41:29','0070'),(519,'BELB O/TIME','Switch','BELB Overtime Selector Switch.',0,'2021-11-18 14:41:29','0070'),(520,'EP-SW-72','Thermal Link','Sontay Electro Thermal link',0,'2021-11-18 14:41:29','0070'),(521,'EP-TL2','Thermal Link','Electro-Thermal Link.',0,'2021-11-18 14:41:29','0070'),(522,'CAD-2-DS','Thermostat','Two Stage Electronic Thermostat ',0,'2021-11-18 14:41:29','0070'),(523,'DT-SILVER','Thermostat','Digital Room Thermostat with Silver coloured Housing. ',0,'2021-11-18 14:41:29','0070'),(524,'KR80.207','Thermostat','High Limit Thermostat',0,'2021-11-18 14:41:29','0070'),(525,'RAA21','Thermostat','Adjustable Room Thermostat.',0,'2021-11-18 14:41:29','0070'),(526,'RAA31','Thermostat','Adjustable Thermostat c/w On/Off Switch',0,'2021-11-18 14:41:29','0070'),(527,'RAK-TB.1420S','Thermostat','High Limit Thermostat.',0,'2021-11-18 14:41:29','0070'),(528,'RAK-TW','Thermostat','Duct Mounted Capillary Thermostat 5 - 65c.',0,'2021-11-18 14:41:29','0070'),(529,'T8360','Thermostat','Room Thermostat',0,'2021-11-18 14:41:29','0070'),(530,'TAS-012','Thermostat','Syxth Sense Electronic Room Thermostat 24vac',0,'2021-11-18 14:41:29','0070'),(531,'TKM2','Thermostat','Thermostat Duct Fire 20-110C',0,'2021-11-18 14:41:29','0070'),(532,'CAD-1-DS','Thermostat ','Single Stage Electronic Thermostat ',0,'2021-11-18 14:41:29','0070'),(533,'TS-95H30-54','Thermostat ','Control & High Limit Thermostat',0,'2021-11-18 14:41:29','0070'),(534,'RAK-TW.5000S','Thermostat  ','Immersion Thermostat.',0,'2021-11-18 14:41:29','0070'),(535,'RAK-TBS','Thermostsat','Strap-on Thermostsat',0,'2021-11-18 14:41:29','0070'),(536,'RE-1P-2','Thyristor','Sontay Thyristor Controller SPN 2Kw',0,'2021-11-18 14:41:29','0070'),(537,'RE-1P-4N','Thyristor','Sontay Thyristor Controller SPN 4Kw',0,'2021-11-18 14:41:29','0070'),(538,'RE-1P-7','Thyristor','Sontay Thyristor Controller SPN 4Kw',0,'2021-11-18 14:41:29','0070'),(539,'RE-3P-105','Thyristor','Sontay Thyristor Controller TPN 105kw',0,'2021-11-18 14:41:29','0070'),(540,'RE-3P-12','Thyristor','Sontay Thyristor Controller TPN 12kw',0,'2021-11-18 14:41:29','0070'),(541,'RE-3P-27','Thyristor','Sontay Thyristor Controller TPN 27Kw',0,'2021-11-18 14:41:29','0070'),(542,'RE-3P-57','Thyristor','Sontay Thyristor Controller TPN 57kw',0,'2021-11-18 14:41:29','0070'),(543,'TCD3-12','Thyristor   ','12 Kw Thyristor Controller, 0-10v control. ',0,'2021-11-18 14:41:29','0070'),(544,'C17 TIMECLOCK','Timeclock','Electronic Timeclock 7 day Control. ',0,'2021-11-18 14:41:29','0070'),(545,'C27 TIMECLOCK','Timeclock','2 Channel Digital Timeclock. ',0,'2021-11-18 14:41:29','0070'),(546,'H17XL ','Timeclock','7 Day Single Channel Timeclock with Timed Override Facility.',0,'2021-11-18 14:41:29','0070'),(547,'H27XL','Timeclock','7 Day Two Channel Timeclock with Timed Override Facility.',0,'2021-11-18 14:41:29','0070'),(548,'H37XL TIMECLOCK','Timeclock','7 Day 3 Channel Timeclock with Timed Override Facilities.',0,'2021-11-18 14:41:29','0070'),(549,'LAP10','Timer','Plant Extension Timer, up to 10 Hours.',0,'2021-11-18 14:41:29','0070'),(550,'LAP5','Timer','Plant Extension Timer, up to 5 Hours',0,'2021-11-18 14:41:29','0070'),(551,'TP/EXT/24V-6','Timer','0-6 Hour Plant Extension Timer',0,'2021-11-18 14:41:29','0070'),(552,'TR40-C-D1','TR40-C-D1','Wallmodule for IQX with  temperature and CO2  sensors',0,'2021-11-18 14:41:29','0070'),(553,'TR40-D1','TR40-D1','Wallmodule for IQX with  temperature sensor\r\n',0,'2021-11-18 14:41:29','0070'),(554,'TR40-HC-D1','TR40-HC-D1','Wallmodule for IQX with temperature, humidity and CO2 sensors \r\n',0,'2021-11-18 14:41:29','0070'),(555,'TR40-H-D1','TR40-H-D1','Wallmodule for IQX with temperature and humidity  sensors\r\n',0,'2021-11-18 14:41:29','0070'),(556,'TR42-C-D1','TR42-C-D1','LCD Wallmodule for IQX with  temperature and CO2  sensors\r\n',0,'2021-11-18 14:41:29','0070'),(557,'TR42-D1','TR42-D1','LCD Wallmodule for IQX with temperature sensor\r\n',0,'2021-11-18 14:41:29','0070'),(558,'TR42-HC-D1','TR42-HC-D1','LCD Wallmodule for IQX with  temperature, humidity and CO2 sensors\r\n',0,'2021-11-18 14:41:29','0070'),(559,'TR42-H-D1','TR42-H-D1','LCD Wallmodule for IQX with temperature and humidity  sensors\r\n',0,'2021-11-18 14:41:29','0070'),(560,'TB/TI-L','Trend Duct Sensor (Long)','Trend Duct Sensor (Long)',0,'2021-11-18 14:41:29','0070'),(561,'IO-R-16','Tridium 16 IO Module ','Tridium 16 IO Module ',0,'2021-11-18 14:41:29','0070'),(562,'UC32.24K','UC32.24 Keypad + Cost','UC32.24 Keypad',0,'2021-11-18 14:41:29','0070'),(563,'PRO624DIN','USB Hub ','4 Port USB Hub ',0,'2021-11-18 14:41:29','0070'),(564,'C215Q 15MM 0-10','Valve','Belimo 15mm Zone Valve 0-10v',0,'2021-11-18 14:41:29','0070'),(565,'C215Q 15MM 24','Valve','Belimo 15mm Zone Valve 24v Control.',0,'2021-11-18 14:41:29','0070'),(566,'C215QP 15MM 0-10 ','Valve','Belimo 15mm PICV Valve 0-10v',0,'2021-11-18 14:41:29','0070'),(567,'C220Q 20MM 0-10','Valve','Belimo 20mm Zone Valve 0 -10v Control.',0,'2021-11-18 14:41:29','0070'),(568,'C220Q 24V','Valve','Belimo 20mm Zone Valve 24v Control.',0,'2021-11-18 14:41:29','0070'),(569,'C220QP 20MM 0-10','Valve','Belimo PICV Valve 20mm 0-10',0,'2021-11-18 14:41:29','0070'),(570,'C225QP 25MM 0-10','Valve','Belimo PICV Valve 25mm 0-10V',0,'2021-11-18 14:41:29','0070'),(571,'D6100N 100MM','Valve','Belimo 100mm Butterfly Valve c/w 24v Actuator.',0,'2021-11-18 14:41:29','0070'),(572,'D6125N 125MM','Valve','Belimo 125mm Butterfly Valve c/w 24v Actuator.',0,'2021-11-18 14:41:29','0070'),(573,'D6150 150MM','Valve','Belimo 150mm Butterfly Valve c/w 24v Actuator.',0,'2021-11-18 14:41:29','0070'),(574,'D6200 200MM','Valve','Belimo 200mm Butterfly Valve c/w 24v Actuator.',0,'2021-11-18 14:41:29','0070'),(575,'D6250 250MM','Valve','Belimo 250mm Butterfly Valve c/w 24v Actuator.',0,'2021-11-18 14:41:29','0070'),(576,'D650N 50MM','Valve','Belimo 50mm Butterfly Valve c/w 24v Actuator.',0,'2021-11-18 14:41:29','0070'),(577,'D665 65MM','Valve','Belimo 65mm Butterfly Valve c/w 24v Actuator.',0,'2021-11-18 14:41:29','0070'),(578,'D680 80MM','Valve','Belimo 80mm Butterfly Valve c/w 24v Actuator.',0,'2021-11-18 14:41:29','0070'),(579,'EP015R+MP','Valve','15mm PICV Valve, modulating 0-10v Control. Compact',0,'2021-11-18 14:41:29','0070'),(580,'EP020R+MP','Valve','20mm PICV Valve, modulating 0-10v Control.',0,'2021-11-18 14:41:29','0070'),(581,'EP025R+MP','Valve','25mm PICV Valve, modulating 0-10v Control.',0,'2021-11-18 14:41:29','0070'),(582,'EP032R+MP','Valve','32mm PICV Valve, modulating 0-10v Control.',0,'2021-11-18 14:41:29','0070'),(583,'EP040R+MP','Valve','40mm PICV Valve, modulating 0-10v Control.',0,'2021-11-18 14:41:29','0070'),(584,'EP050R+MP','Valve','50mm PICV Valve, modulating 0-10v Control.',0,'2021-11-18 14:41:29','0070'),(585,'EP065F+MP','Valve','65mm Belimo PICV 0-10V Modulating',0,'2021-11-18 14:41:29','0070'),(586,'EP080F+MP','Valve','80mm Belimo PICV 0-10V Modulating',0,'2021-11-18 14:41:29','0070'),(587,'EP100F+MP','Valve','100mm Belimo PICV 0-10V Modulating',0,'2021-11-18 14:41:29','0070'),(588,'EP125F+MP','Valve','125mm Belimo PICV 0-10V Modulating',0,'2021-11-18 14:41:29','0070'),(589,'EP150F+MP','Valve','150mm Belimo PICV 0-10V Modulating',0,'2021-11-18 14:41:29','0070'),(590,'EV015R+BAC','Valve','Belimo 15mm Energy Valve, Bacnet',0,'2021-11-18 14:41:29','0070'),(591,'EV020R+BAC','Valve','Belimo 20mm Energy Valve, Bacnet',0,'2021-11-18 14:41:29','0070'),(592,'EV025R+BAC','Valve','Belimo 25mm Energy Valve, Bacnet',0,'2021-11-18 14:41:29','0070'),(593,'EV032R+BAC','Valve','Belimo 32mm Energy Valve, Bacnet',0,'2021-11-18 14:41:29','0070'),(594,'EV040R+BAC','Valve','Belimo 40mm Energy Valve, Bacnet',0,'2021-11-18 14:41:29','0070'),(595,'EV050R+BAC','Valve','Belimo 50mm Energy Valve, Bacnet',0,'2021-11-18 14:41:29','0070'),(596,'EV065F+BAC','Valve','Belimo 65mm Energy Valve, Bacnet',0,'2021-11-18 14:41:29','0070'),(597,'EV080F+BAC','Valve','Belimo 80mm Energy Valve, Bacnet',0,'2021-11-18 14:41:29','0070'),(598,'EV100F+BAC','Valve','Belimo 100mm Energy Valve, Bacnet',0,'2021-11-18 14:41:29','0070'),(599,'EV125F+BAC','Valve','Belimo 125mm Energy Valve, Bacnet',0,'2021-11-18 14:41:29','0070'),(600,'EV150F+BAC','Valve','Belimo 150mm Energy Valve, Bacnet',0,'2021-11-18 14:41:29','0070'),(601,'H540B','Valve','Belimo 40mm Globe Valve Kv25. c/w 0-10v Actuator.',0,'2021-11-18 14:41:29','0070'),(602,'H550B','Valve','Belimo 50mm Globe Valve Kv40. c/w 0-10v Actuator',0,'2021-11-18 14:41:29','0070'),(603,'H6150S','Valve','150mm 2 Port Valve PN16 Kvs 320kg/hr',0,'2021-11-18 14:41:29','0070'),(604,'H7100N','Valve','Belimo 100mm Globe Valve Kv145. c/w 0-1ov Actuator',0,'2021-11-18 14:41:29','0070'),(605,'H7125N','Valve','Belimo 125mm Globe Valve Kv220. c/w 0-10v Actuator.',0,'2021-11-18 14:41:29','0070'),(606,'H7150N','Valve','Belimo 150mm Globe Valve Kv320 c/w 0-10v Actuator.',0,'2021-11-18 14:41:29','0070'),(607,'H764N','Valve','Belimo 65mm Globe Valve Kv58 c/w 0-10v Actuator.',0,'2021-11-18 14:41:29','0070'),(608,'H779N','Valve','Belimo 80mm Globe Valve c/w 0-10v Actuator.',0,'2021-11-18 14:41:29','0070'),(609,'P6065W800EMP','Valve','65mm PICV Valve, modulating 0-10v Control.',0,'2021-11-18 14:41:29','0070'),(610,'P6080W1100E-MP','Valve','80mm PICV Valve, modulating 0-10v Control.',0,'2021-11-18 14:41:29','0070'),(611,'P6100W2000E-MP','Valve','100mm PICV Valve, modulating 0-10v Control.',0,'2021-11-18 14:41:29','0070'),(612,'P6125W3100E-MP','Valve','125mm PICV Valve, modulating 0-10v Control.',0,'2021-11-18 14:41:29','0070'),(613,'P6150W4500E-MP','Valve','150mm PICV Valve, modulating 0-10v Control.',0,'2021-11-18 14:41:29','0070'),(614,'PU22004','Valve','15mm Oil Solenoid Valve(Shako)',0,'2021-11-18 14:41:29','0070'),(615,'R2015 0-10','Valve','Belimo 15mm 2 port characterised control valve 0-10v control.',0,'2021-11-18 14:41:29','0070'),(616,'R2015 0-10 SR','Valve','Belimo 15mm 2 port characterised control valve 0-10v control, spring return.',0,'2021-11-18 14:41:29','0070'),(617,'R2015-24','Valve','Belimo 15mm 2 port characterised control valve 24v control.',0,'2021-11-18 14:41:29','0070'),(618,'R2020 0-10','Valve','Belimo 20mm 2 port characterised control valve 0-10v control.',0,'2021-11-18 14:41:29','0070'),(619,'R2020 0-10 SR','Valve','Belimo 20mm 2 port characterised control valve 0-10v control, spring return.',0,'2021-11-18 14:41:29','0070'),(620,'R2020-24','Valve','Belimo 20mm 2 port characterised control valve 24v control.',0,'2021-11-18 14:41:29','0070'),(621,'R2025 0-10','Valve','Belimo 25mm 2 port characterised control valve 0-10v control.',0,'2021-11-18 14:41:29','0070'),(622,'R2025 0-10 SR','Valve','Belimo 25mm 2 port characterised control valve 0-10v control, spring return.',0,'2021-11-18 14:41:29','0070'),(623,'R2025-24','Valve','Belimo 25mm 2 port characterised control valve 24v control.',0,'2021-11-18 14:41:29','0070'),(624,'R2032 0-10','Valve','Belimo 32mm 2 port characterised control valve 0-10v control.',0,'2021-11-18 14:41:29','0070'),(625,'R2032 0-10 SR','Valve','Belimo 32mm 2 port characterised control valve 0-10v control, spring return.',0,'2021-11-18 14:41:29','0070'),(626,'R2032-24','Valve','Belimo 32mm 2 port characterised control valve 24v control',0,'2021-11-18 14:41:29','0070'),(627,'R2040 0-10','Valve','Belimo 40mm 2 port characterised control valve 0-10v control.',0,'2021-11-18 14:41:29','0070'),(628,'R2040 0-10 SR','Valve','Belimo 40mm 2 port characterised control valve 0-10v control, spring return.',0,'2021-11-18 14:41:29','0070'),(629,'R2040-24','Valve','Belimo 40mm 2 port characterised control valve 24v control.',0,'2021-11-18 14:41:29','0070'),(630,'R2050 0-10','Valve','Belimo 50mm 2 port characterised control valve 0-10v control.',0,'2021-11-18 14:41:29','0070'),(631,'R2050 0-10 SR','Valve','Belimo 50mm 2 port characterised control valve 0-10v control, spring return.',0,'2021-11-18 14:41:29','0070'),(632,'R2050-24','Valve','Belimo 50mm 2 port characterised control valve 24v control.',0,'2021-11-18 14:41:29','0070'),(633,'R3015 0-10','Valve','Belimo 15mm 3 port characterised control valve 0-10v control.',0,'2021-11-18 14:41:29','0070'),(634,'R3015 0-10 SR','Valve','Belimo 15mm 3 port characterised control valve 0-10v control, spring return.',0,'2021-11-18 14:41:29','0070'),(635,'R3015-24','Valve','Belimo 15mm 3 port characterised control valve 24v control.',0,'2021-11-18 14:41:29','0070'),(636,'R3020 0-10','Valve','Belimo 20mm 3 port characterised control valve 0-10v control.',0,'2021-11-18 14:41:29','0070'),(637,'R3020 0-10 SR','Valve','Belimo 20mm 3 port characterised control valve 0-10v control, spring return.',0,'2021-11-18 14:41:29','0070'),(638,'R3020-24','Valve','Belimo 20mm 3 port characterised control valve 24v control.',0,'2021-11-18 14:41:29','0070'),(639,'R3025 0-10','Valve','Belimo 25mm 3 port characterised control valve 0-10v control.',0,'2021-11-18 14:41:29','0070'),(640,'R3025 0-10 SR','Valve','Belimo 25mm 3 port characterised control valve 0-10v control, spring return.',0,'2021-11-18 14:41:29','0070'),(641,'R3025-24','Valve','Belimo 25mm 3 port characterised control valve 24v control.',0,'2021-11-18 14:41:29','0070'),(642,'R3032 0-10','Valve','Belimo 32mm 3 port characterised control valve 0-10v control.',0,'2021-11-18 14:41:29','0070'),(643,'R3032 0-10 SR','Valve','Belimo 32mm 3 port characterised control valve 0-10v control, spring return.',0,'2021-11-18 14:41:29','0070'),(644,'R3032-24','Valve','Belimo 32mm 3 port characterised control valve 24v control.',0,'2021-11-18 14:41:29','0070'),(645,'R3040 0-10','Valve','Belimo 40mm 3 port characterised control valve 0-10v control.',0,'2021-11-18 14:41:29','0070'),(646,'R3040 0-10 SR','Valve','Belimo 40mm 3 port characterised control valve 0-10v control, spring return.',0,'2021-11-18 14:41:29','0070'),(647,'R3040-24','Valve','Belimo 40mm 3 port characterised control valve 24v control.',0,'2021-11-18 14:41:29','0070'),(648,'R3050 0-10','Valve','Belimo 50mm 3 port characterised control valve 0-10v control.',0,'2021-11-18 14:41:29','0070'),(649,'R3050 0-10 SR','Valve','Belimo 50mm 3 port characterised control valve 0-10v control, spring return.',0,'2021-11-18 14:41:29','0070'),(650,'R3050-24','Valve','Belimo 50mm 3 port characterised control valve 24v control.',0,'2021-11-18 14:41:29','0070'),(651,'V5004TY10150150','Valve','Trend 15mm PICCV  24v Thermic Proportional Control.',0,'2021-11-18 14:41:29','0070'),(652,'V5004TY10201000','Valve','Trend 20mm PICCV  24v Thermic Proportional Control.',0,'2021-11-18 14:41:29','0070'),(653,'V5004TY10252200','Valve','Trend 25mm PICCV  24v Thermic Proportional Control.',0,'2021-11-18 14:41:29','0070'),(654,'V5011R1000','Valve','15mm LTHW 2 Port Control Valve.  Kv0.63',0,'2021-11-18 14:41:29','0070'),(655,'V5011R1018','Valve','15mm LTHW 2 Port Control Valve.  Kv1.0 ',0,'2021-11-18 14:41:29','0070'),(656,'V5011R1026','Valve','15mm LTHW 2 Port Control Valve. Kv1.6 ',0,'2021-11-18 14:41:29','0070'),(657,'V5011R1034','Valve','15mm LTHW 2 Port Control Valve.  Kv2.5',0,'2021-11-18 14:41:29','0070'),(658,'V5011R1042','Valve','15mm LTHW 2 Port Control Valve.  Kv4.0',0,'2021-11-18 14:41:29','0070'),(659,'V5011R1059','Valve','20mm LTHW 2 Port Control Valve.  Kv6.3',0,'2021-11-18 14:41:29','0070'),(660,'V5011R1067','Valve','25mm LTHW 2 Port Control Valve.  Kv10.0',0,'2021-11-18 14:41:29','0070'),(661,'V5011R1075','Valve','32mm LTHW 2 Port Control Valve.  Kv14',0,'2021-11-18 14:41:29','0070'),(662,'V5011R1083','Valve','40mm LTHW 2 Port Control Valve.  Kv25 ',0,'2021-11-18 14:41:29','0070'),(663,'V5011R1091','Valve','50mm LTHW 2 Port Control Valve.  Kv40',0,'2021-11-18 14:41:29','0070'),(664,'V5013R1032','Valve','15mm LTHW 3 Port Control Valve.  ',0,'2021-11-18 14:41:29','0070'),(665,'V5013R1057','Valve','15mm LTHW 3 Port Control Valve.  ',0,'2021-11-18 14:41:29','0070'),(666,'V5013R1065','Valve','25 mm Three Port Valve, maximum pressure 16 bar. ',0,'2021-11-18 14:41:29','0070'),(667,'V5013R1073','Valve','32 mm Three Port Valve, maximum pressure 16 bar. ',0,'2021-11-18 14:41:29','0070'),(668,'V5013R1081','Valve','40 mm Three Port Valve, maximum pressure 16 bar.',0,'2021-11-18 14:41:29','0070'),(669,'V5013R1099','Valve','50mm Three Port Valve, maximum pressure 16 bar.',0,'2021-11-18 14:41:29','0070'),(670,'V5015A1080','Valve','100mm 3 Port Control Valve Max Pressure \r\nCV187 Kv160',0,'2021-11-18 14:41:29','0070'),(671,'V5050A1072','Valve','125mm 3 Port Max Pressure 16 Bar 38mm Stroke CV 292, Kv250',0,'2021-11-18 14:41:29','0070'),(672,'V5328A1088','Valve','2 Port Control Flanged 40mm PN 16 Kv25',0,'2021-11-18 14:41:29','0070'),(673,'V5328A1096','Valve','50mm 2 Port Max Pressure 16 Bar 20mm Stroke Kv100',0,'2021-11-18 14:41:29','0070'),(674,'V5328A1104','Valve','65mm Flanged 2 Port Control Valve',0,'2021-11-18 14:41:29','0070'),(675,'V5328A1112','Valve','80mm 2 Port Max Pressure 16 Bar 20mm Stroke Kv100',0,'2021-11-18 14:41:29','0070'),(676,'V5329A1038','Valve','25mm 3 Port Valve 20mm Stroke  ',0,'2021-11-18 14:41:29','0070'),(677,'V5329A1061','Valve','50mm 3 Port Valve 20mm Stroke KV40. ',0,'2021-11-18 14:41:29','0070'),(678,'V5329A1087','Valve','80mm 3 Port Valve 20mm Stroke KV100',0,'2021-11-18 14:41:29','0070'),(679,'V5329C1075','Valve','65mm 3 port flanged control valve Kv63',0,'2021-11-18 14:41:29','0070'),(680,'V5329C1083','Valve','80mm Three Port Valve',0,'2021-11-18 14:41:29','0070'),(681,'V5822A1063','Valve','22mm 2 Port Terminal Unit Control Valve ',0,'2021-11-18 14:41:29','0070'),(682,'V5823A2169','Valve','22mm 3 Port Valve, Kv4, Conex Connection.',0,'2021-11-18 14:41:29','0070'),(683,'V5823C4005','Valve','15mm 4 Port Control Valve. Conex. ',0,'2021-11-18 14:41:29','0070'),(684,'V5823C4013','Valve','20mm 4 Port Valve. Kv 2.5. Conex',0,'2021-11-18 14:41:29','0070'),(685,'V5833A2100','Valve','3 Port 32mm Zone Valve',0,'2021-11-18 14:41:29','0070'),(686,'VBF21.100','Valve','Siemens 100mm 3 Port Valve, Flanged.',0,'2021-11-18 14:41:29','0070'),(687,'VBF21.125','Valve','Siemens 125mm 3 Port Valve, Flanged.',0,'2021-11-18 14:41:29','0070'),(688,'VBF21.150','Valve','Siemens 150mm 3 Port Valve, Flanged.',0,'2021-11-18 14:41:29','0070'),(689,'VBF21.50','Valve','Siemens 50mm 3 Port Valve, Flanged.',0,'2021-11-18 14:41:29','0070'),(690,'VBF21.65','Valve','Siemens 65mm 3 port Valve, Flanged',0,'2021-11-18 14:41:29','0070'),(691,'VBF21.80','Valve','Siemens 80mm 3 port Valve, Flanged',0,'2021-11-18 14:41:29','0070'),(692,'VBI60.40-49T','Valve','40mm 3-Port (T) Internally threaded Rp 11/2 chromium-plated dezincification, Kvs=49\r\n',0,'2021-11-18 14:41:29','0070'),(693,'VBI60.50-73T','Valve','50mm 3-Port (T) Internally threaded Rp 2 ball valve. dezincification resistant brass ball, Kvs=73\r\n',0,'2021-11-18 14:41:29','0070'),(694,'VE4025A1004','Valve','25mm Gas Solenoid with closed indication switch.',0,'2021-11-18 14:41:29','0070'),(695,'VKF41.65','Valve','65mm 2-Port flanged cast iron butterfly valve, PN16 - kvs = 200\r\n',0,'2021-11-18 14:41:29','0070'),(696,'VMP45.10.1.6','Valve','Siemens 15mm 4-Port Valve Kvs1.6',0,'2021-11-18 14:41:29','0070'),(697,'VMP45.15-2.5','Valve','Siemens 20mm 4-Port Valve 2.5Kvs',0,'2021-11-18 14:41:29','0070'),(698,'VVF53.100-160','Valve','Siemens 100mm Seam Valve',0,'2021-11-18 14:41:29','0070'),(699,'VVF53.125-250','Valve','Siemens 125mm Steam Valve',0,'2021-11-18 14:41:29','0070'),(700,'VVF53.15-0.4','Valve','Siemens 15mm Steam Valve',0,'2021-11-18 14:41:29','0070'),(701,'VVF53.150-400','Valve','Siemens 150mm Steam Valve',0,'2021-11-18 14:41:29','0070'),(702,'VVF53.15-4','Valve','Siemens 15mm 2 Port Valve, Kv 4, PN25',0,'2021-11-18 14:41:29','0070'),(703,'VVF53.20-6.3','Valve','Siemens 20mm 2 Port Valve, kv 6.3 , PN25',0,'2021-11-18 14:41:29','0070'),(704,'VVF53.25-8','Valve','25mm 2-Port flanged cast iron seat valve with stainless steel trim, PN25, -20+220C - kvs = 8\r\n',0,'2021-11-18 14:41:29','0070'),(705,'VVF53.32-16','Valve','Siemens 32mm 2 Port Valve, Kv 16 , PN25.',0,'2021-11-18 14:41:29','0070'),(706,'VVF53.40.20','Valve','40mm 2-Port flanged cast iron seat valve with stainless steel trim, PN25, -20+220C - kvs = 20\r\n',0,'2021-11-18 14:41:29','0070'),(707,'VVF53.80-100','Valve','Siemens 80mm Steam Valve',0,'2021-11-18 14:41:29','0070'),(708,'VVF61.90','Valve','100mm Siemens Steam Control Valve KV124 ',0,'2021-11-18 14:41:29','0070'),(709,'VVF61.91','Valve','125mm Siemens Steam Valve KV200 PN40',0,'2021-11-18 14:41:29','0070'),(710,'VVP47','Valve','Siemens 15mm 2 Port Valve C/W Coupling',0,'2021-11-18 14:41:29','0070'),(711,'VXF32.50','valve','Siemens 50mm 3 Port Flanged, Cast Iron seat valve. PN10  ',0,'2021-11-18 14:41:29','0070'),(712,'VXF32.65','valve','Siemens 65mm 3 Port Flanged, Cast Iron seat valve. PN10  ',0,'2021-11-18 14:41:29','0070'),(713,'VXF32.80','valve','Siemens 80mm 3 Port Flanged, Cast Iron seat valve. PN10 ',0,'2021-11-18 14:41:29','0070'),(714,'VXF42.150','Valve','Siemens 150mm 3 port Flanged Seat Valve, PN16 ',0,'2021-11-18 14:41:29','0070'),(715,'VXG44.15','Valve','Siemens 15mm 3 Port Bronze seat valve c/w couplings. ',0,'2021-11-18 14:41:29','0070'),(716,'VXG44.20','Valve','Siemens 20mm 3 Port Bronze seat valve c/w couplings. ',0,'2021-11-18 14:41:29','0070'),(717,'VXG44.25','valve','Siemens 25mm 3 Port Bronze seat valve c/w couplings. ',0,'2021-11-18 14:41:29','0070'),(718,'VXG44.32','valve','Siemens 32mm 3 Port Bronze seat valve c/w couplings. ',0,'2021-11-18 14:41:29','0070'),(719,'VXG44.40','Valve','Siemens 40mm 3 Port Bronze seat valve c/w couplings. ',0,'2021-11-18 14:41:29','0070'),(720,'ZEV125MADAS','Valve','125mm Gas Solenoid Valve',0,'2021-11-18 14:41:29','0070'),(721,'SAX61.03','Valve ','Siemens electro-motoric valve actuator-20mm stroke, 800N\r\n',0,'2021-11-18 14:41:29','0070'),(722,'V5822A4008 ','Valve ',' 15mm 2 Port Terminal Unit Valve ',0,'2021-11-18 14:41:29','0070'),(723,'V5823A4000','Valve ','15mm 3 Port Valve, Kv1.6, Conex Connection.',0,'2021-11-18 14:41:29','0070'),(724,'VAL3P15E','Valve Pack 15mm 0-10v','15mm 3 Port Valve complete with 0-10volt actuator.',0,'2021-11-18 14:41:29','0070'),(725,'VAL2P15E','Valve Pack 15mm 0-10v 2port','15mm 2 Port Valve complete with 0-10volt actuator.',0,'2021-11-18 14:41:29','0070'),(726,'VAL3P15C','Valve Pack 15mm 24v','15mm 3 Port Valve complete with 24volt actuator.',0,'2021-11-18 14:41:29','0070'),(727,'VAL2P15C','Valve Pack 15mm 24v 2port','15mm 2 Port Valve complete with 24volt actuator.',0,'2021-11-18 14:41:29','0070'),(728,'VAL3P20E','Valve Pack 20mm 0-10v','20mm 3 Port Valve complete with 0-10volt actuator.',0,'2021-11-18 14:41:29','0070'),(729,'VAL2P20E','Valve Pack 20mm 0-10v 2port','20mm 2 Port Valve complete with 0-10volt actuator.',0,'2021-11-18 14:41:29','0070'),(730,'VAL3P20C','Valve Pack 20mm 24v','20mm 3 Port Valve complete with 24volt actuator.',0,'2021-11-18 14:41:29','0070'),(731,'VAL2P20C','Valve Pack 20mm 24v 2port','20mm 2 Port Valve complete with 24volt actuator.',0,'2021-11-18 14:41:29','0070'),(732,'VAL3P25E','Valve Pack 25mm 0-10v','25mm 3 Port Valve complete with 0-10volt actuator.',0,'2021-11-18 14:41:29','0070'),(733,'VAL2P25E','Valve Pack 25mm 0-10v 2port','25mm 2 Port Valve complete with 0-10volt actuator.',0,'2021-11-18 14:41:29','0070'),(734,'VAL3P25C','Valve Pack 25mm 24v','25mm 3 Port Valve complete with 24volt actuator.',0,'2021-11-18 14:41:29','0070'),(735,'VAL2P25C','Valve Pack 25mm 24v 2port','25mm 2 Port Valve complete with 24volt actuator.',0,'2021-11-18 14:41:29','0070'),(736,'VAL3P32E','Valve Pack 32mm 0-10v','32mm 3 Port Valve complete with 0-10volt actuator.',0,'2021-11-18 14:41:29','0070'),(737,'VAL2P32E','Valve Pack 32mm 0-10v 2port','32mm 2 Port Valve complete with 0-10volt actuator.',0,'2021-11-18 14:41:29','0070'),(738,'VAL3P32C','Valve Pack 32mm 24v','32mm 3 Port Valve complete with 24volt actuator .',0,'2021-11-18 14:41:29','0070'),(739,'VAL2P32C','Valve Pack 32mm 24v 2port','32mm 2 Port Valve complete with 24volt actuator.',0,'2021-11-18 14:41:29','0070'),(740,'VAL3P40E','Valve Pack 40mm 0-10v','40mm 3 Port Valve complete with 0-10volt actuator.',0,'2021-11-18 14:41:29','0070'),(741,'VAL2P40E','Valve Pack 40mm 0-10v 2port','40mm 2 Port Valve complete with 0-10volt actuator.',0,'2021-11-18 14:41:29','0070'),(742,'VAL3P40C','Valve Pack 40mm 24v','40mm 3 Port Valve complete with 24volt actuator.',0,'2021-11-18 14:41:29','0070'),(743,'VAL2P40C','Valve Pack 40mm 24v 2port','40mm 2 Port Valve complete with 24volt actuator.',0,'2021-11-18 14:41:29','0070'),(744,'AV-W-AD','Weather','Sontay Wind Speed Direction Sensor',0,'2021-11-18 14:41:29','0070'),(745,'AV-W-S','Weather','Sontay Wind Speed Sensor',0,'2021-11-18 14:41:29','0070'),(746,'WD-RS','Weather','Sontay Rain Sensor with Heater 2m leader',0,'2021-11-18 14:41:29','0070'),(747,'WS/R','Weather','Trend Rain Sensor',0,'2021-11-18 14:41:29','0070'),(748,'WS/SD','Weather','Wind Speed & Direction Sensor.',0,'2021-11-18 14:41:29','0070'),(749,'XTEND/24V','XTEND Ethernet to Trend ','XTEND Ethernet to Trend ',0,'2021-11-18 14:41:29','0070'),(750,'HON__BASIC_DO__LABOR','','',0,'2021-11-18 14:41:29','0070'),(751,'HON__BASIC_PI__LABOR','','',0,'2021-11-18 14:41:29','0070'),(752,'HON__BASICAI010LABOR','','',0,'2021-11-18 14:41:29','0070'),(753,'HON__BASICAI420LABOR','','',0,'2021-11-18 14:41:29','0070'),(754,'HON__BASICAO010LABOR','','',0,'2021-11-18 14:41:29','0070'),(755,'HON__BASICDIVFCLABOR','','',0,'2021-11-18 14:41:29','0070'),(756,'IQ4__BASIC_DO__LABOR','','',0,'2021-11-18 14:41:29','0070'),(757,'IQ4__BASIC_PI__LABOR','','',0,'2021-11-18 14:41:29','0070'),(758,'IQ4__BASICAI010LABOR','','',0,'2021-11-18 14:41:29','0070'),(759,'IQ4__BASICAI420LABOR','','',0,'2021-11-18 14:41:29','0070'),(760,'IQ4__BASICAIRESLABOR','','',0,'2021-11-18 14:41:29','0070'),(761,'IQ4__BASICAO010LABOR','','',0,'2021-11-18 14:41:29','0070'),(762,'IQ4__BASICDIVFCLABOR','','',0,'2021-11-18 14:41:29','0070'),(763,'ISMA_BASIC_DO__LABOR','','',0,'2021-11-18 14:41:29','0070'),(764,'ISMA_BASIC_PI__LABOR','','',0,'2021-11-18 14:41:29','0070'),(765,'ISMA_BASICAI010LABOR','','',0,'2021-11-18 14:41:29','0070'),(766,'ISMA_BASICAI420LABOR','','',0,'2021-11-18 14:41:29','0070'),(767,'ISMA_BASICAIRESLABOR','','',0,'2021-11-18 14:41:29','0070'),(768,'ISMA_BASICAO010LABOR','','',0,'2021-11-18 14:41:29','0070'),(769,'ISMA_BASICDIVFCLABOR','','',0,'2021-11-18 14:41:29','0070'),(770,'RDM__BASIC_DO__LABOR','','',0,'2021-11-18 14:41:29','0070'),(771,'RDM__BASIC_PI__LABOR','','',0,'2021-11-18 14:41:29','0070'),(772,'RDM__BASICAI010LABOR','','',0,'2021-11-18 14:41:29','0070'),(773,'RDM__BASICAI420LABOR','','',0,'2021-11-18 14:41:29','0070'),(774,'RDM__BASICAIRESLABOR','','',0,'2021-11-18 14:41:29','0070'),(775,'RDM__BASICAO010LABOR','','',0,'2021-11-18 14:41:29','0070'),(776,'RDM__BASICDIVFCLABOR','','',0,'2021-11-18 14:41:29','0070'),(777,'RDMI_BASIC_DO__LABOR','','',0,'2021-11-18 14:41:29','0070'),(778,'RDMI_BASIC_PI__LABOR','','',0,'2021-11-18 14:41:29','0070'),(779,'RDMI_BASICAI010LABOR','','',0,'2021-11-18 14:41:29','0070'),(780,'RDMI_BASICAI420LABOR','','',0,'2021-11-18 14:41:29','0070'),(781,'RDMI_BASICAIRESLABOR','','',0,'2021-11-18 14:41:29','0070'),(782,'RDMI_BASICAO010LABOR','','',0,'2021-11-18 14:41:29','0070'),(783,'RDMI_BASICDIVFCLABOR','','',0,'2021-11-18 14:41:29','0070'),(784,'SIE_BASIC_DO_LABOR','','',0,'2021-11-18 14:41:29','0070'),(785,'SIE_BASIC_PI_LABOR','','',0,'2021-11-18 14:41:29','0070'),(786,'SIE_BASICAI010LABOR','','',0,'2021-11-18 14:41:29','0070'),(787,'SIE_BASICAI420LABOR','','',0,'2021-11-18 14:41:29','0070'),(788,'SIE_BASICAO010LABOR','','',0,'2021-11-18 14:41:29','0070'),(789,'SIE_BASICDIVFCLABOR','','',0,'2021-11-18 14:41:29','0070');
/*!40000 ALTER TABLE `part_master` ENABLE KEYS */;
UNLOCK TABLES;

--
-- Table structure for table `project_master`
--

DROP TABLE IF EXISTS `project_master`;
/*!40101 SET @saved_cs_client     = @@character_set_client */;
/*!50503 SET character_set_client = utf8mb4 */;
CREATE TABLE `project_master` (
  `PROJECTID` int NOT NULL AUTO_INCREMENT,
  `QUOTENUMBER` varchar(45) NOT NULL,
  `REVISION` int NOT NULL DEFAULT '0',
  `SITENAME` varchar(300) DEFAULT NULL,
  `POSTCODE` varchar(45) DEFAULT NULL,
  `ENGINNERNAME` varchar(100) DEFAULT NULL,
  `QUOTETYPE` varchar(100) DEFAULT NULL,
  `MARKET` varchar(100) DEFAULT NULL,
  `COMPETITION` varchar(100) DEFAULT NULL,
  `CONTRACTTYPE` varchar(100) DEFAULT NULL,
  `CUSTOMERTYPE` varchar(100) DEFAULT NULL,
  `ORDERDATE` timestamp NOT NULL DEFAULT CURRENT_TIMESTAMP,
  `CHANCE` int DEFAULT NULL,
  PRIMARY KEY (`PROJECTID`)
) ENGINE=InnoDB AUTO_INCREMENT=2 DEFAULT CHARSET=utf8;
/*!40101 SET character_set_client = @saved_cs_client */;

--
-- Dumping data for table `project_master`
--

LOCK TABLES `project_master` WRITE;
/*!40000 ALTER TABLE `project_master` DISABLE KEYS */;
INSERT INTO `project_master` VALUES (1,'310',1,'Test','D24DC8C','Krish More','Test','jkjk','jkj','jkjk','jkk','2021-11-23 22:09:41',NULL);
/*!40000 ALTER TABLE `project_master` ENABLE KEYS */;
UNLOCK TABLES;

--
-- Table structure for table `user_master`
--

DROP TABLE IF EXISTS `user_master`;
/*!40101 SET @saved_cs_client     = @@character_set_client */;
/*!50503 SET character_set_client = utf8mb4 */;
CREATE TABLE `user_master` (
  `USER_ID` int NOT NULL AUTO_INCREMENT,
  `NAME` varchar(100) DEFAULT NULL,
  `EMAIL` varchar(100) DEFAULT NULL,
  `PHONENO` varchar(45) DEFAULT NULL,
  `ADDRESS` varchar(300) DEFAULT NULL,
  `LASTLOGINDATE` timestamp NULL DEFAULT CURRENT_TIMESTAMP,
  `USERNAME` varchar(50) DEFAULT NULL,
  `PASSWORD` varchar(500) DEFAULT NULL,
  `GDPRCONSENT` varchar(1) DEFAULT 'Y',
  `GDPRCONSENT_DATE` timestamp NULL DEFAULT CURRENT_TIMESTAMP,
  PRIMARY KEY (`USER_ID`),
  UNIQUE KEY `USERNAME_UNIQUE` (`USERNAME`)
) ENGINE=InnoDB AUTO_INCREMENT=31 DEFAULT CHARSET=utf8;
/*!40101 SET character_set_client = @saved_cs_client */;

--
-- Dumping data for table `user_master`
--

LOCK TABLES `user_master` WRITE;
/*!40000 ALTER TABLE `user_master` DISABLE KEYS */;
INSERT INTO `user_master` VALUES (1,NULL,NULL,NULL,NULL,'2021-11-25 14:08:32','test','$2a$10$8tqIg9HJFQK.n3y.pyrxlOWTx9vNBWRm3jJDwTkxvEFfpSTNT1fR.',NULL,'2021-11-29 13:19:09'),(2,NULL,NULL,NULL,NULL,'2021-11-26 12:38:12','mohit','$2a$10$mbnx0iMjO7zd32IXU0r4SumI1FaZdDHuF..bfI6MeSUn1ABrRKQGe',NULL,'2021-11-29 13:19:09'),(28,NULL,NULL,NULL,NULL,'2021-11-30 11:55:51','mohit1','$2a$10$WAL8R6c492e1j.wy5z7BOODmpTjl5OVf/ZCCI2afSwpLwzvnHV0tO','Y','2021-11-30 11:55:51'),(30,NULL,NULL,NULL,NULL,'2021-11-30 13:45:04','mohit2','$2a$10$VFcfEzRGml4GOmeCwmlore97TKiD2frM6C4j2lSdBUdpmP94THOD.','Y','2021-11-30 13:45:04');
/*!40000 ALTER TABLE `user_master` ENABLE KEYS */;
UNLOCK TABLES;

--
-- Table structure for table `user_profile`
--

DROP TABLE IF EXISTS `user_profile`;
/*!40101 SET @saved_cs_client     = @@character_set_client */;
/*!50503 SET character_set_client = utf8mb4 */;
CREATE TABLE `user_profile` (
  `ID` int NOT NULL AUTO_INCREMENT,
  `USERNAME` varchar(50) COLLATE utf8_unicode_ci NOT NULL,
  `PROFILE_ID` int NOT NULL,
  `ADDED_DATE` timestamp NULL DEFAULT CURRENT_TIMESTAMP,
  `ADDED_BY_USER_NAME` varchar(45) COLLATE utf8_unicode_ci DEFAULT NULL,
  PRIMARY KEY (`ID`)
) ENGINE=InnoDB AUTO_INCREMENT=7 DEFAULT CHARSET=utf8 COLLATE=utf8_unicode_ci;
/*!40101 SET character_set_client = @saved_cs_client */;

--
-- Dumping data for table `user_profile`
--

LOCK TABLES `user_profile` WRITE;
/*!40000 ALTER TABLE `user_profile` DISABLE KEYS */;
INSERT INTO `user_profile` VALUES (1,'test',1,'2021-11-27 12:10:24','0020'),(2,'test',2,'2021-11-27 12:10:24','0020'),(3,'test',3,'2021-11-27 12:12:52',NULL),(4,'test',5,'2021-11-27 12:12:52',NULL),(5,'test',6,'2021-11-27 12:12:52',NULL),(6,'test',7,'2021-11-27 12:13:01',NULL);
/*!40000 ALTER TABLE `user_profile` ENABLE KEYS */;
UNLOCK TABLES;

--
-- Table structure for table `user_profile_master`
--

DROP TABLE IF EXISTS `user_profile_master`;
/*!40101 SET @saved_cs_client     = @@character_set_client */;
/*!50503 SET character_set_client = utf8mb4 */;
CREATE TABLE `user_profile_master` (
  `PROFILE_ID` int NOT NULL AUTO_INCREMENT,
  `MAIN_MENU` varchar(100) COLLATE utf8_unicode_ci DEFAULT NULL,
  `SUB_MENU` varchar(100) COLLATE utf8_unicode_ci DEFAULT NULL,
  `ADDED_DATE` timestamp NULL DEFAULT CURRENT_TIMESTAMP,
  PRIMARY KEY (`PROFILE_ID`)
) ENGINE=InnoDB AUTO_INCREMENT=8 DEFAULT CHARSET=utf8 COLLATE=utf8_unicode_ci;
/*!40101 SET character_set_client = @saved_cs_client */;

--
-- Dumping data for table `user_profile_master`
--

LOCK TABLES `user_profile_master` WRITE;
/*!40000 ALTER TABLE `user_profile_master` DISABLE KEYS */;
INSERT INTO `user_profile_master` VALUES (1,'DASHBOARD','DASHBOARD','2021-11-26 17:00:14'),(2,'PROJECT','PROJECT','2021-11-26 17:00:14'),(3,'PROFILE','PROFILE','2021-11-26 17:00:14'),(4,'ADMIN','ADMIN','2021-11-26 17:00:14'),(5,'ADMIN','PARTS','2021-11-26 17:00:14'),(6,'ADMIN','PROJECT','2021-11-26 17:00:14'),(7,'ADMIN','USERS','2021-11-26 17:32:25');
/*!40000 ALTER TABLE `user_profile_master` ENABLE KEYS */;
UNLOCK TABLES;
/*!40103 SET TIME_ZONE=@OLD_TIME_ZONE */;

/*!40101 SET SQL_MODE=@OLD_SQL_MODE */;
/*!40014 SET FOREIGN_KEY_CHECKS=@OLD_FOREIGN_KEY_CHECKS */;
/*!40014 SET UNIQUE_CHECKS=@OLD_UNIQUE_CHECKS */;
/*!40101 SET CHARACTER_SET_CLIENT=@OLD_CHARACTER_SET_CLIENT */;
/*!40101 SET CHARACTER_SET_RESULTS=@OLD_CHARACTER_SET_RESULTS */;
/*!40101 SET COLLATION_CONNECTION=@OLD_COLLATION_CONNECTION */;
/*!40111 SET SQL_NOTES=@OLD_SQL_NOTES */;

-- Dump completed on 2021-11-30 13:49:16
